:020000040800F2
:10000000A81100209D010008A52F00087D2C0008E4
:10001000A12F0008B10A00081D36000800000000EA
:100020000000000000000000000000004132000855
:10003000C90B0008000000001530000899320008C4
:10004000B7010008B7010008B7010008B7010008B0
:10005000B7010008B7010008B7010008B7010008A0
:10006000B7010008B7010008CD0B0008B701000870
:10007000B7010008B7010008B7010008B701000880
:10008000B7010008B7010008B7010008B701000870
:10009000B7010008B7010008B7010008B701000860
:1000A000B7010008B7010008B7010008B701000850
:1000B000B7010008B7010008B7010008B701000840
:1000C000B7010008B7010008B7010008B701000830
:1000D000B7010008B7010008B7010008B701000820
:1000E000B7010008B7010008B7010008B701000810
:1000F000B7010008B7010008B7010008B701000800
:10010000B7010008B7010008B7010008193000085E
:10011000B7010008B7010008B7010008B7010008DF
:10012000B7010008B7010008B7010008B7010008CF
:10013000B7010008B7010008B7010008B7010008BF
:10014000B7010008B7010008B7010008B7010008AF
:10015000B7010008B7010008B7010008B70100089F
:10016000B7010008B7010008B7010008B70100088F
:10017000B7010008B7010008B7010008000000003F
:10018000B7010008B7010008DFF80CD000F014FB3D
:1001900000480047057A0008A8110020064880475B
:1001A00006480047FEE7FEE7FEE7FEE7FEE7FEE75C
:1001B000FEE7FEE7FEE7FEE75D3300088901000881
:1001C0002DE9F05F0546002092469B46884606468C
:1001D000814640241BE0284641464746224600F01F
:1001E0003BFA53465A46C01A914110D3114618465D
:1001F000224600F022FA2D1A67EB01084F462246EC
:100200000120002100F019FA17EB00094E41201ED1
:10021000A4F10104DFDC484631462A464346BDE8E6
:10022000F09FD2B201E000F8012B491EFBD27047CB
:100230000022F6E710B513460A4604461946FFF7B2
:10024000F0FF204610BD2DE9FE4F804681EA0300F5
:10025000C00F0C46009021F0004123F00045B8EBA0
:100260000200A94105D24046214690461C460B4655
:10027000024623F00040104347D0270DC7F30A0081
:10028000C3F30A510290401A019040286BDAC3F37D
:10029000130040F4801B0098924620B10023D2EB5B
:1002A000030A63EB0B0B01985946C0F1400250461C
:1002B00000F0C3F906460D4650465946019A00F033
:1002C000DBF910EB08006141002487EA115284EA4F
:1002D000E7731A4340D0009A62B3019A012A4FEAA9
:1002E000075215DC001B61EB02014FF0004202EAED
:1002F0000752CDE90042001C41F5801132462B46E1
:1003000000F0DBF903B0BDE8F08F40462146F9E785
:10031000001B61EB0201001C41F5801300185B41DA
:100320002018A2F5001747EB030140EAD570B61973
:100330006D4111E06D084FEA360645EAC0754FEA97
:100340000752001B61EB0201001C41F580114908B6
:100350004FEA30000019514132462B4603B0BDE848
:10036000F04F00F09BB90098012240000023D0EB31
:10037000020263EBE073009821464FEAE074B8EBA9
:10038000000061EB0401E9E783F000435BE781F0E3
:10039000004158E72DE9FE4F81EA030404F00044D0
:1003A00021F0004100944FF0000B23F0004350EA8D
:1003B00001045ED052EA03045BD0C3F30A54C1F3D4
:1003C0000A552C44A4F2F3340194A0FB0254C1F367
:1003D000130141F48011C3F3130343F4801301FBB1
:1003E000024400FB034E840A970A44EA815447EA18
:1003F0008357A4FB076802958D0A05FB07854FEA22
:10040000932C04FB0C542705029D4FEA065847EA3B
:100410001637B5EB08056EEB070C870E920E47EA10
:10042000811742EA8312A7FB0201B6EB0B0164EBD2
:1004300000042B0D43EA0C335E1844EB1C50DA46E3
:100440005146E7FB0201C5F313044FEA0B3343EABD
:1004500014534FEA0432019C43EA0603A4F10C044E
:100460000294009CCDE900B400F027F903B0BDE888
:10047000F08F00200146F9E72DE9F04D81EA0304F1
:1004800004F0004B21F0004514464FF0000A23F021
:10049000004150EA050220D054EA01021DD0C5F304
:1004A0000A570246C5F31303C1F31300C1F30A56FA
:1004B00040F4801543F48013A7EB0608101BD646C2
:1004C00008F2FD3873EB050002D308F1010801E0E2
:1004D00092185B41B8F1000F03DA00200146BDE835
:1004E000F08D00204FF48011064684460EE0171B65
:1004F00073EB050705D3121B63EB050306434CEAB8
:10050000010C49084FEA300092185B4150EA01079C
:10051000EDD152EA030012D082EA040083EA050119
:10052000084305D0101BAB4106D20122002306E090
:1005300000224FF0004302E06FF0010253101AEB6B
:1005400006004CEB085110EB0A0041EB0B01BDE833
:10055000F04D00F0A3B80EB5C10F80EAE07008447A
:10056000CA07002140F233438DE80E000A460B46CD
:1005700000F0A3F803B000BD70B5C1F30A5201F05A
:1005800000450024C1F3130140F2FF3341F4801110
:100590009A4201DA002070BD40F233439A42A2F23F
:1005A000334203DC524200F057F800E090402C4305
:1005B000F1D0404270BDC1F30A5210B5C1F313012E
:1005C00040F2FF3341F480119A4201DA002010BD5D
:1005D00040F233439A42A2F2334203DC524200F02B
:1005E0003BF810BD904010BD00F0004230F00040DC
:1005F0000AD0C10D01F56071C0F3160042EA015145
:10060000C20840071143704700200146704730B5CB
:100610000B46014600202022012409E021FA02F5C0
:100620009D4205D303FA02F5491B04FA02F528445A
:10063000151EA2F10102F1DC30BD202A04DB203AB4
:1006400000FA02F1002070479140C2F1200320FA25
:1006500003F3194390407047202A04DB203A21FA23
:1006600002F00021704721FA02F3D040C2F12002CB
:100670009140084319467047202A06DBCB17203AE1
:1006800041FA02F043EAE07306E041FA02F3D04097
:10069000C2F12002914008431946704710B5141E5C
:1006A00073F1000408DA401C41F1000192185B412B
:1006B0001A4301D120F0010010BD2DE9F04D924602
:1006C0009B4611B1B1FA81F202E0B0FA80F2203219
:1006D0009046FFF7B2FF04460F4640EA0A0041EA9F
:1006E0000B0153465A46084313D0114653EA010002
:1006F00019D0C8F140025046FFF7AEFF05460E463E
:10070000504659464246FFF798FF084305D001205E
:1007100004E020463946BDE8F08D0020054346EA56
:10072000E0762C4337430A986305E40AA0EB0800FF
:100730000022FD0A44EA47540A3002D5002001464F
:10074000E9E7010510196941DDE90845001969412A
:10075000BDE8F04DA2E7C1F30A52C1F3130140F224
:10076000FF3341F480119A4202DA002001467047BB
:1007700040F233439A42A2F2334202DC5242FFF784
:100780006BBFFFF75ABF000030B5041E71F10004C3
:1007900004DB4FF00044404264EB0101141E73F18E
:1007A000000405DB1C464FF00043524263EB040398
:1007B000994208BF904230BD064C074D06E0E06804
:1007C00040F0010394E8070098471034AC42F6D398
:1007D000FFF7DEFCD8430108F843010880B584B078
:1007E0008DF80F000020C4F2020001902021029138
:1007F000002200F0F5FE6420009003F017F99DF848
:100800000F0000F027F9009803F010F90198029901
:10081000012200F0E5FE04B080BD000080B582B08A
:100820000A2000F083FF0020C4F202000190202182
:100830000122009200F0D4FE009A0198402100F0BD
:10084000CFFE01988021002200F0CAFE00F002F8DD
:1008500002B080BD80B588B00020C4F202000390D1
:1008600040210022029200F0BBFE039820210122C9
:10087000059200F0B5FE029A03988021049100F0E1
:10088000AFFE03980499059A00F0AAFE4FF47A701F
:10089000079000F003FC11200690FFF79FFF0798D8
:1008A00000F0FCFB0620FFF799FF079800F0F6FB2D
:1008B0000698FFF793FF079800F0F0FBFFE740F280
:1008C000F060C2F2000001780020732901900AD084
:1008D000FFE740F2F060C2F200000078533818BF22
:1008E00001200190FFE70198C00770B1FFE72020C9
:1008F000002100F033F840F2F061C2F2000108700C
:100900004FF47A7000F0CAFBD9E740F2E861C2F216
:100910000001012008704220A32100F01FF80A20E6
:1009200000F0BCFB41200221009100F017F84420A8
:10093000002100F013F84520152100F00FF84620A3
:100940002C2100F00BF80099492000F007F84A200C
:10095000032100F003F808B080BD000080B582B02C
:100960008DF806008DF805100020C4F20200202149
:100970000022009200F034FE642003F057F89DF846
:10098000060000F067F8009800F064F89DF8060093
:100990008006002806D5FFE7002000F05BF88DF800
:1009A000070012E09DF8050000F054F8FFE764200E
:1009B00003F03CF80020C4F202002021012200F0E4
:1009C0000FFE00208DF80700FFE79DF8070002B03A
:1009D00080BD000080B584B00020C4F20200202158
:1009E0000022019200F0FCFD01980290FFE70298BE
:1009F000092805DCFFE7FFE7029801300290F6E7DF
:100A000000200390FFE7039808280EDCFFE7FF2093
:100A100000F020F8039A40F2DF61C2F2000188542E
:100A2000FFE7039801300390EDE700200290FFE715
:100A30000298092805DCFFE7FFE7029801300290E1
:100A4000F6E70020C4F202002021012200F0C8FDD8
:100A500004B080BD80B582B08DF807009DF8070016
:100A60008DF8060000208DF8050069460A20086010
:100A700040F67440C2F200000DF106010DF10502CE
:100A8000012301F0A9FD9DF8050002B080BD000022
:100A900080B51020FFF7A2FE0020C4F20200402122
:100AA000012200F09DFD0A2000F04AFE80BD0000FA
:100AB000FFE7FEE781B041F20400CEF200000068DB
:100AC0000090009840F22C01C2F2000109688842AF
:100AD00008D2FFE740F23001C2F20001086801309D
:100AE0000860FFE7009840F22C01C2F200010860A4
:100AF00001B0704780B584B0039041F20400CEF29B
:100B0000000000680290029803990968401A00EEFC
:100B1000100AB8EE400A40F22000C2F2000090ED48
:100B2000001AB8EE411A80EE010A8DED010A029812
:100B300003990860FFF7BEFF9DED010A04B080BD78
:100B400081B000904EF6FC51CEF20001086840F0F2
:100B50008070086041F20401CEF2000100200860BC
:100B600041F20002CEF20002116841F00101116071
:100B7000009944F24022C0F20F024A4340F22001A1
:100B8000C2F200010A600A6844F6D353C1F262035C
:100B9000A2FB0332920940F22403C2F200031A605E
:100BA00009684DF68362C4F21B32A1FB0221890C55
:100BB00040F22802C2F20002116040F23001C2F29B
:100BC0000001086001B070477047000080B5102038
:100BD00000F00EFB40F2DE60C2F20000007848B97F
:100BE000FFE7FFF7F7FE40F2DE61C2F200010120ED
:100BF0000870FFE780BD000072B6FFE7FEE7000067
:100C000080B58EB0ADF83600BDF9360040F20E0169
:100C1000C2F20001B1F90010884201D1FFE700E102
:100C2000BDF8360040F20E01C2F200010880FFE775
:100C300040F2C060C2F20000079007F09FF80798EA
:100C4000BDF9361007F0C6F8079800210B910A91FC
:100C5000A021099181680891006808B9FFE7E0E0E8
:100C600040F2C061C2F200018868C96888423FDC76
:100C7000FFE7FFE7089840F2C061C2F20001C968CF
:100C8000884234DCFFE740F2C060C2F200004068F6
:100C9000089950F82100FFF75EFC41EC100B099910
:100CA00048F22870C0F6000000EBC10090ED001B78
:100CB0009DED0A2B8DED042B53EC112B51EC100BF9
:100CC000FFF768FB9DED040B41EC110B51EC110B90
:100CD00053EC102BFFF7B7FA41EC100B8DED0A0B1C
:100CE000099801380990089801300890C2E781E01E
:100CF000FFE7089840F2C061C2F2000109690139BA
:100D0000884235DCFFE740F2C060C2F20000406874
:100D1000089950F82100FFF71EFC41EC100B0999CF
:100D200048F22870C0F6000000EBC10090ED001BF7
:100D30009DED0A2B8DED022B53EC112B51EC100B7A
:100D4000FFF728FB9DED020B41EC110B51EC110B51
:100D500053EC102BFFF777FA41EC100B8DED0A0BDB
:100D6000099801380990FFE7089801300890C0E71A
:100D700000200890FFE7089840F2C061C2F200012D
:100D8000C968884235DCFFE740F2C060C2F200006B
:100D90004068089950F82100FFF7DDFB41EC100B8B
:100DA000099948F22870C0F6000000EBC10090EDF0
:100DB000001B9DED0A2B8DED002B53EC112B51ECFC
:100DC000100BFFF7E7FA9DED000B41EC110B51EC16
:100DD000110B53EC102BFFF736FA41EC100B8DED95
:100DE0000A0B099801380990FFE70898013008902C
:100DF000C1E7FFE7FFE79DED0A0B51EC100B9FEDFC
:100E00000A0B53EC102BFFF7C5FA41EC100B51EC19
:100E1000100BFFF7B1FB40F2D461C2F20001088071
:100E2000FFE70EB080BD00BF0000000000001040D2
:100E300080B584B040F2C060C2F2000040F23C4194
:100E4000C2F20001A12206F083FF01200390FFE718
:100E50000398A1280CDCFFE740F2C060C2F200005A
:100E6000002106F0B7FFFFE7039801300390EFE79A
:100E70004FF4FA6000F012F900200290FFE70298A8
:100E8000A02823DCFFE70299019148F22870C0F600
:100E9000000000EBC10090ED000B51EC100B9FED3A
:100EA0000C0B53EC102BFFF775FA0A46019942EC34
:100EB000100B40F25070C2F2000000EBC10080ED58
:100EC000000BFFE7029801300290D8E704B080BD24
:100ED000000000000000F04080B584B00390029153
:100EE000019200930098B0F5804F1DD1FFE7039861
:100EF000019950F821000021CCF6F0710840029BC6
:100F00001968D3F804E0D3F808C0DA6841EA0E1192
:100F100041EA0C219B69194341EA024108430399C4
:100F2000019A41F8220006E00399019A6FF070409F
:100F300041F82200FFE7002004B080BD80B585B0F5
:100F40000490039104990398026851F8220020F05C
:100F5000010041F8220003988068082803D1FFE7C8
:100F60004020029002E000200290FFE702980399DF
:100F7000D1F804E0D1F808C0CB680A6940EA0E0055
:100F800040EA0C00184310434A691043CA691043F1
:100F90000A6A10434A6A10438A6A1043CA6A1043B5
:100FA000096B0843019003988169019808430190F7
:100FB0000398C16B0198084301904FF67F30C0F24F
:100FC00008000090009840F480600090009840F481
:100FD000E020009004980399096850F821000099D6
:100FE0008843019908430499039A126841F8220042
:100FF000002005B080BD000080B583B00290019153
:1010000000920298009900EB8100406800F0404097
:10101000019A1168D2F804E0D2F808C0D36841EA16
:101020000E1141EA0C2141EA0341D2F810C000231D
:10103000CFF6F07303EB0C5319435369FE3341EAC7
:1010400003619269114308430299009A01EB8201FE
:101050004860002003B080BD82B00090009890F8F6
:101060003500022807D0FFE700998020486501205D
:101070008DF807000EE00099052081F835000098F2
:101080000168086820F001000860FFE700208DF883
:101090000700FFE79DF8070002B0704780B584B0F5
:1010A000039000F0B5FA0290039801900198013086
:1010B00048B1FFE740F21000C2F200000178019849
:1010C00008440190FFE7FFE700F0A2FA0299401AF6
:1010D0000199884201D2FFE7F6E704B080BD000025
:1010E00080B58CB000200B900A9009900890079072
:1010F00040F2D860C2F20000006808B1FFE76EE07D
:1011000040F2D861C2F2000101200860FFE7002030
:10111000069043F63800C4F20200016841F0010174
:101120000160006800F0010006900698FFE74FF4A8
:1011300080500590079002200090089000200190B8
:101140000990032002900A900C2003900B9041F22A
:101150000040C4F2020007A9049100F065F8DDF830
:1011600000C0019B029A039804994FF6807ECDF847
:101170001CE0CDF820C009930A920B9041F20000C8
:10118000C4F2020000F050F8DDF800C0019B029AA2
:10119000039804994CF2337ECDF81CE0CDF820C0C2
:1011A00009930A920B9040F60040C4F2020000F04E
:1011B0003BF8DDF800C0019B029A03980499DDF822
:1011C00014E0CDF81CE0CDF820C009930A920B90F2
:1011D00041F60000C4F2020000F026F8FFE70CB070
:1011E00080BD000081B0ADF8020001B07047000082
:1011F00080B582B0ADF8060043F61440C4F2010099
:101200000068BDF8061008420CD0FFE7BDF80600E4
:1012100043F61441C4F201010860BDF80600FFF76F
:10122000E1FFFFE702B080BD8EB00D900C91002071
:101230000A90099008900B90FFE70B980F2800F296
:10124000CC81FFE70B99012088400A900C98006838
:101250000A990840099009980A99884240F0B88193
:10126000FFE70C98406800F00300012807D0FFE773
:101270000C98406800F0030002282FD1FFE70D987A
:10128000806808900B984100032000FA01F108984B
:10129000884308900C98C0680B99490000FA01F146
:1012A00008980843089008980D9988600D98406840
:1012B00008900B99012000FA01F1089888430890E2
:1012C0000C984068C0F300100B9900FA01F10898DF
:1012D0000843089008980D994860FFE70C9840680B
:1012E00000F00300032818D0FFE70D98C0680890AD
:1012F0000B984100032000FA01F1089888430890F8
:101300000C9880680B99490000FA01F1089808438D
:10131000089008980D99C860FFE70C98406800F0A5
:101320000300022826D1FFE70D980B996FF0030206
:1013300002EA51010844006A08900B9800F0070087
:1013400081000F2000FA01F10898884308900C985A
:1013500000690B9901F00701890000FA01F1089872
:101360000843089008980D990B9B02EA5302114418
:101370000862FFE70D98006808900B984100032071
:1013800000FA01F10898884308900C98406800F032
:1013900003000B99490000FA01F1089808430890EE
:1013A00008980D9908600C9880798007002800F053
:1013B0000E81FFE7FFE70020079043F64400C4F2E8
:1013C0000200016841F480410160006800F480403F
:1013D00007900798FFE70B9820F0030043F60801F9
:1013E000C4F20101405808900B9800F003008100FE
:1013F0000F2000FA01F10898884308900D98002109
:10140000C4F20201884203D1FFE7002006905EE0AB
:101410000D9840F20041C4F20201884203D1FFE777
:101420000120059050E00D9840F60001C4F2020141
:10143000884203D1FFE70220049042E00D9840F675
:101440000041C4F20201884203D1FFE70320039068
:1014500034E00D9841F20001C4F20201884203D148
:10146000FFE70420029026E00D9841F20041C4F20B
:101470000201884203D1FFE70520019018E00D9892
:1014800041F60001C4F20201884203D1FFE70620C1
:1014900000900AE00D9941F60042C4F202020820D1
:1014A000914208BF07200090FFE700980190FFE7F6
:1014B00001980290FFE702980390FFE703980490D9
:1014C000FFE704980590FFE705980690FFE7069868
:1014D000C0B20B9901F00301890000FA01F10898EC
:1014E0000843089008980B9921F0030143F608027D
:1014F000C4F20102885043F60840C4F201000068BB
:10150000089009990898884308900C988079C0063B
:10151000002805D5FFE70999089808430890FFE7D8
:10152000089843F60841C4F20101086043F60C40F4
:10153000C4F201000068089009990898884308904F
:101540000C9880798006002805D5FFE7099908984E
:1015500008430890FFE7089843F60C41C4F20101E4
:10156000086043F60440C4F201000068089009993D
:101570000898884308900C9880798007002805D542
:10158000FFE70999089808430890FFE7089843F691
:101590000441C4F20101086043F60040C4F20100B6
:1015A0000068089009990898884308900C988079F9
:1015B000C00728B1FFE70999089808430890FFE79A
:1015C000089843F60041C4F201010860FFE7FFE715
:1015D000FFE70B9801300B902FE60EB0704700002C
:1015E00082B00190ADF802108DF801209DF8010045
:1015F00028B1FFE7BDF802000199886105E0BDF858
:101600000200000401998861FFE702B07047000002
:1016100040F6A450C2F200000068704740F210008B
:10162000C2F20000027840F6A451C2F2000108683C
:10163000104408607047000080B543F60041C4F2D2
:101640000201086840F400700860086840F4806097
:101650000860086840F480700860032000F094F887
:101660000F2000F005F800F03BF8002080BD0000DE
:1016700080B582B0009040F20400C2F20000006821
:1016800040F21001C2F200010A784FF47A71B1FB06
:10169000F2F1B0FBF1F001F0B9F920B1FFE7012060
:1016A0008DF8070018E000980F280DD8FFE7009983
:1016B0004FF0FF30002200F04DF8009840F2140186
:1016C000C2F20001086003E001208DF8070003E08A
:1016D00000208DF80700FFE79DF8070002B080BDED
:1016E00082B0FFE70020019043F64400C4F20200FC
:1016F000016841F480410160006800F4804001907D
:101700000198FFE7FFE70020009043F64000C4F295
:101710000200016841F080510160006800F08050D3
:1017200000900098FFE702B07047000080B582B0DB
:101730008DF807009DF9070001F072FF02B080BD2F
:1017400080B582B08DF807009DF9070001F084FF95
:1017500002B080BD80B586B08DF817000491039269
:101760000020029001F090FF02909DF91700019077
:1017700002980499039A01F017FC0146019801F0C0
:101780008BFF06B080BD000080B582B0019001984B
:1017900001F0A4FF02B080BD80B584B00290019139
:1017A000029820B9FFE701208DF80F0021E1019890
:1017B00043F60041C4F20201096801F007018842C2
:1017C00012D9FFE7019943F60040C4F2020001700C
:1017D000006800F007000199884204D0FFE701206B
:1017E0008DF80F0005E1FFE70298007880070028D8
:1017F0002AD5FFE7029800784007002809D5FFE7BF
:1018000043F60801C4F20201086840F4E0500860A1
:10181000FFE7029800780007002809D5FFE743F6A4
:101820000801C4F20201086840F460400860FFE764
:1018300043F60801C4F20201086820F0F000029AA1
:10184000926810430860FFE702980078C0070028FC
:101850006ED0FFE702984068012811D1FFE743F6F8
:101860000000C4F20200006800F400310020B0EB78
:10187000514F04D1FFE701208DF80F00B9E02CE0B3
:1018800002984068022805D0FFE7029840680328C4
:1018900011D1FFE743F60000C4F20200006800F037
:1018A00000710020B0EB516F04D1FFE701208DF8EB
:1018B0000F009EE010E043F60000C4F20200006852
:1018C00000F002010020B0EB510F04D1FFE701202E
:1018D0008DF80F008DE0FFE7FFE743F60801C4F243
:1018E0000201086820F00300029A52681043086061
:1018F000FFF78EFE0090FFE743F60800C4F20200F7
:10190000006800F00C0002994968B0EB810F0ED01E
:10191000FFE7FFF77DFE0099401A41F289318842C6
:1019200004D3FFE703208DF80F0062E0E4E7FFE750
:10193000019843F60041C4F20201096801F0070171
:10194000884212D2FFE7019943F60040C4F2020038
:101950000170006800F007000199884204D0FFE799
:1019600001208DF80F0044E0FFE70298007840075F
:1019700000280CD5FFE743F60801C4F2020108680D
:1019800020F4E050029AD26810430860FFE7029802
:101990000078000700280DD5FFE743F60801C4F2E0
:1019A0000201086820F46040029A126940EAC2000D
:1019B0000860FFE700F04CF843F60801C4F20201AA
:1019C0000968C9B20A0948F20E71C0F60001895CC3
:1019D000C84040F20401C2F20001086040F2140065
:1019E000C2F200000068FFF743FE00208DF80F00F0
:1019F000FFE79DF80F0004B080BD000040F2040036
:101A0000C2F200000068704780B5FFF7F7FF43F6A9
:101A10000801C4F202010968C1F3822248F21E7172
:101A2000C0F60001895CC84080BD000080B5FFF7AA
:101A3000E5FF43F60801C4F20201096889B24A0BC6
:101A400048F21E71C0F60001895CC84080BD0000EC
:101A500080B586B00020059004900390029043F674
:101A60000800C4F20200006800F00C000146019179
:101A700040B1FFE7019804280AD0FFE70198082841
:101A80000CD04FE042F20040C0F2F40002904FE070
:101A900041F20020C0F27A00029049E043F60400CF
:101AA000C4F20200016801F03F01059100684002A4
:101AB000002813D5FFE743F60400C4F202000068D3
:101AC000C0F3881041F20021C0F27A01A0FB0101AD
:101AD000059A0023FEF774FB049012E043F604001D
:101AE000C4F202000068C0F3881042F20041C0F264
:101AF000F401A0FB0101059A0023FEF761FB0490AD
:101B0000FFE743F60400C4F20200006800F440312D
:101B1000022000EBD130039004980399B0FBF1F060
:101B2000029005E042F20040C0F2F4000290FFE7AC
:101B3000029806B080BD000080B586B0049004987D
:101B400020B9FFE701208DF8170050E304980078D2
:101B5000C007002800F0A580FFE743F60800C4F2A4
:101B60000200006800F00C00042813D0FFE743F6E1
:101B70000800C4F20200006800F00C0008281ED122
:101B8000FFE743F60400C4F20200006840020028A8
:101B900015D5FFE743F60000C4F20200006800F428
:101BA00000310020B0EB514F08D0FFE704984068A7
:101BB00020B9FFE701208DF8170018E370E0FFE778
:101BC00004984068B0F5803F09D1FFE743F6000173
:101BD000C4F20201086840F48030086020E00498F4
:101BE0004068B0F5A02F0DD1FFE743F60001C4F225
:101BF0000201086840F480200860086840F48030E2
:101C000008600CE043F60001C4F20201086820F409
:101C100080300860086820F480200860FFE7FFE754
:101C2000FFE704984068E8B1FFE7FFF7F1FC039095
:101C3000FFE743F60000C4F20200006800F4003140
:101C40000020B0EB514F0CD1FFE7FFF7E1FC039907
:101C5000401A652804D3FFE703208DF81700C6E279
:101C6000E7E71CE0FFF7D4FC0390FFE743F6000032
:101C7000C4F20200006800F400310020B0EB514FC4
:101C80000CD0FFE7FFF7C4FC0399401A652804D382
:101C9000FFE703208DF81700A9E2E7E7FFE7FFE77A
:101CA000FFE7049800788007002840F19680FFE75E
:101CB00043F60800C4F20200006810F00C0F13D0C5
:101CC000FFE743F60800C4F20200006800F00C00D1
:101CD00008282CD1FFE743F60400C4F20200006894
:101CE0004002002823D4FFE743F60000C4F20200BC
:101CF000006800F002010020B0EB510F09D0FFE7AF
:101D00000498C068012804D0FFE701208DF817006F
:101D10006DE243F60001C4F20201086820F0F80009
:101D2000049A126940EAC2000860FFE754E0049890
:101D3000C06870B3FFE70021C4F2472101200860AA
:101D4000FFF766FC0390FFE743F60000C4F20200D1
:101D5000006800F002010020B0EB510F0CD1FFE74A
:101D6000FFF756FC0399401A032804D3FFE703202A
:101D70008DF817003BE2E7E743F60001C4F20201E9
:101D8000086820F0F800049A126940EAC20008606E
:101D900021E00021C4F2472100200860FFF738FC51
:101DA0000390FFE743F60000C4F20200006800F071
:101DB00002010020B0EB510F0CD0FFE7FFF728FC29
:101DC0000399401A032804D3FFE703208DF8170076
:101DD0000DE2E7E7FFE7FFE7FFE704980078000779
:101DE00000284BD5FFE70498406918B3FFE740F699
:101DF0008061C4F2472101200860FFF709FC0390CD
:101E0000FFE743F67400C4F20200006800F002012C
:101E10000020B0EB510F0CD1FFE7FFF7F9FB03995E
:101E2000401A032804D3FFE703208DF81700DEE1F2
:101E3000E7E722E040F68061C4F247210020086015
:101E4000FFF7E6FB0390FFE743F67400C4F20200DD
:101E5000006800F002010020B0EB510F0CD0FFE74A
:101E6000FFF7D6FB0399401A032804D3FFE70320AA
:101E70008DF81700BBE1E7E7FFE7FFE7049800787C
:101E80004007002840F1CE80FFE700208DF80700D2
:101E900043F64000C4F202000068C000002815D4D8
:101EA000FFE7FFE70020009043F64000C4F2020085
:101EB000016841F080510160006800F0805000909E
:101EC0000098FFE701208DF80700FFE747F20000C8
:101ED000C4F200000068C005002822D4FFE747F2E2
:101EE0000001C4F20001086840F480700860FFF748
:101EF0008FFB0390FFE747F20000C4F20000006888
:101F0000C00500280CD4FFE7FFF782FB0399401AB5
:101F1000032804D3FFE703208DF8170067E1EAE701
:101F2000FFE7FFE704988068012809D1FFE743F63F
:101F30007001C4F20201086840F0010008601FE06F
:101F40000498806805280DD1FFE743F67001C4F2BC
:101F50000201086840F004000860086840F00100D1
:101F600008600CE043F67001C4F20201086820F03A
:101F700001000860086820F004000860FFE7FFE740
:101F8000FFE704988068F8B1FFE7FFF741FB039093
:101F9000FFE743F67000C4F20200006800F002019F
:101FA0000020B0EB510F0ED1FFE7FFF731FB039993
:101FB000401A41F28931884204D3FFE703208DF8AB
:101FC000170014E1E5E71EE0FFF722FB0390FFE7AF
:101FD00043F67000C4F20200006800F00201002025
:101FE000B0EB510F0ED0FFE7FFF712FB0399401A39
:101FF00041F28931884204D3FFE703208DF81700AE
:10200000F5E0E5E7FFE79DF80700012809D1FFE7C4
:1020100043F64001C4F20201086820F080500860D5
:10202000FFE7FFE704988069002800F0DC80FFE705
:1020300043F60800C4F20200006800F00C00082813
:1020400000F08580FFE70498806902285CD1FFE7F3
:102050006021C4F2472100200860FFF7D9FA0390FD
:10206000FFE743F60000C4F20200006800F00071D0
:102070000020B0EB516F0CD0FFE7FFF7C9FA0399CE
:10208000401A032804D3FFE703208DF81700AEE0C1
:10209000E7E70499C869D1F820C04B6A8A6A40EA28
:1020A0000C0040EA8310D2034FF6FF739A43A2F567
:1020B00080321043C96A40EA016043F60401C4F269
:1020C000020108606021C4F2472101200860FFF787
:1020D0009FFA0390FFE743F60000C4F20200006895
:1020E00000F000710020B0EB516F0CD1FFE7FFF75B
:1020F0008FFA0399401A032804D3FFE703208DF8D1
:10210000170074E0E7E721E06021C4F247210020D6
:102110000860FFF77DFA0390FFE743F60000C4F282
:102120000200006800F000710020B0EB516F0CD08D
:10213000FFE7FFF76DFA0399401A032804D3FFE77E
:1021400003208DF8170052E0E7E7FFE74AE0049824
:102150008069012804D1FFE701208DF8170046E0CF
:1021600043F60400C4F202000068029004988069FB
:10217000012831D0FFE7029800F480000499C96972
:10218000884229D1FFE7029800F03F000499096ACC
:10219000884221D1FFE7029847F6C07108400499B0
:1021A000496AB0EB811F17D1FFE7029800F4403075
:1021B0000499896AC9034FF6FF729143A1F58031F2
:1021C000884209D1FFE7029800F070600499C96A5B
:1021D000B0EB016F04D0FFE701208DF8170006E097
:1021E000FFE7FFE7FFE700208DF81700FFE79DF806
:1021F000170006B080BD000081B0009001B07047AC
:1022000080B588B0079007980068406806900798E6
:102210000068806805909DF8140000F040010020DF
:10222000B0EB911F11D1FFE70598C00768B1FFE738
:102230009DF8180000F040010020B0EB911F04D081
:10224000FFE70798016C8847F0E09DF8140000F064
:1022500002010020B0EB510F0BD0FFE79DF81810E2
:102260000020B0EBD11F04D0FFE70798416C8847EE
:10227000DCE09DF8140000F020010020B0EB511FBD
:1022800010D1FFE79DF8140000F040010020B0EBF2
:10229000911F07D1FFE79DF81500C007002800F047
:1022A000C580FFE79DF8180000F020010020B0EB8A
:1022B000511F00F0BB80FFE79DF8140000F04001C3
:1022C0000020B0EB911F28D0FFE7079890F851004D
:1022D000032813D0FFE70799486D40F004004865D4
:1022E000FFE70020049007980068C06804900798F2
:1022F0000068806804900498FFE70DE0FFE7002085
:10230000039007980068C068039007980068806889
:1023100003900398FFE789E0FFE79DF8140000F0C1
:1023200020010020B0EB511F15D0FFE70799486D41
:1023300040F001004865FFE7002002900798006820
:102340008068029007980168086820F040000860E3
:102350000298FFE7FFE79DF81500C00778B1FFE797
:102360000799486D40F008004865FFE7002001909C
:1023700007980068806801900198FFE7FFE70798D9
:10238000406D002851D0FFE707980168486820F0A9
:10239000E00048600799012081F85100069800F09C
:1023A0000200022805D0FFE79DF81800C007B8B367
:1023B000FFE707980168486820F003004860079825
:1023C000C06CA0B1FFE70798C16C43F22900C0F6CA
:1023D000000008650798C06CFEF73EFE30B1FFE7CD
:1023E0000799486D40F040004865FFE7FFE7079810
:1023F000806CA0B1FFE70798816C43F22900C0F61A
:10240000000008650798806CFEF726FE30B1FFE7F4
:102410000799486D40F040004865FFE7FFE703E09B
:102420000798FFF7E9FEFFE7FFE7FFE708B080BD89
:1024300080B584B00290029820B9FFE701208DF8A2
:102440000F0071E00298406A60B9FFE702984068A7
:10245000B0F5827F01D1FFE703E002990020C86157
:10246000FFE705E002990020086102994861FFE753
:10247000029900208862029890F8510040B9FFE765
:102480000299002081F85000029800F051F8FFE70F
:102490000299022081F8510002980168086820F032
:1024A00040000860029A019211685068D2F808C092
:1024B000D36800F482700CF4044C604403F40063AD
:1024C0001844136903F002031844536903F001032D
:1024D0001844936903F400731844D36903F0380374
:1024E0001844136A03F080031843926A02F40052FE
:1024F00010430860029A508B00F004001168526A81
:1025000002F010021044486002980168C86920F483
:102510000060C861029900204865029A012182F892
:1025200051108DF80F00FFE79DF80F0004B080BD3B
:1025300080B58AB009900020089007900690059019
:1025400004900998006843F60041C4F200018842F3
:102550003FD1FFE7FFE70020039043F64000C4F2BD
:102560000200016841F400410160006800F400408D
:1025700003900398FFE7FFE70020029043F6300046
:10258000C4F20200016841F004010160006800F03B
:10259000040002900298FFE74FF4E05004900220FC
:1025A00005900020009006900320079006200890D8
:1025B00040F60000C4F2020004A9FEF735FE009ABE
:1025C000332001901146FFF7C5F80198FFF7B8F8DE
:1025D000FFE70AB080BD000080B58CB0DDF838C0E0
:1025E0000A9009910892ADF81E3001200390FFF780
:1025F0000FF804900A9890F851008DF817000A9887
:1026000040680690BDF81E00ADF81C009DF817004C
:10261000012812D0FFE70698B0F5827F09D1FFE7C5
:102620000A98806828B9FFE79DF81700042804D0AD
:10263000FFE702208DF82F009BE1099838B1FFE7F2
:10264000089820B1FFE7BDF81E0020B9FFE7012080
:102650008DF82F008DE1FFE70A9890F850000128CF
:1026600004D1FFE702208DF82F0082E10A990120B2
:1026700081F85000FFE7FFE70A9890F8510004281E
:1026800005D0FFE70A99052081F85100FFE70A9974
:102690000020486508990A9A9163BDF81E100A9AAD
:1026A000D187BDF81E100A9A918709990A9A116379
:1026B000BDF81E100A9AD186BDF81E100A9A91869E
:1026C0000A9908640A9948640A980068006800F04A
:1026D0004000402807D0FFE70A980168086840F0EA
:1026E00040000860FFE70A98C068B0F5006F40F04E
:1026F0008180FFE70A98406828B1FFE7BDF81C0019
:1027000001280ED1FFE70A980168006B0088C860B5
:102710000A99086B023008630A99C88E0138C88686
:10272000FFE7FFE70A98C18E0120019039B9FFE762
:102730000A98C08F002818BF01200190FFE7019878
:10274000C007002855D0FFE70A9800688068800716
:10275000002818D5FFE70A98C08EA0B1FFE70398BC
:10276000012810D1FFE70A980168006B0088C86053
:102770000A99086B023008630A99C88E0138C88626
:1027800000200390FFE70A9800688068C007A8B19E
:10279000FFE70A98C08F88B1FFE70A980068C06811
:1027A0000A99896B08800A99886B023088630A99B4
:1027B000C88F0138C88701200390FFE7FEF728FF84
:1027C0000499401A0E99884212D3FFE70E980130FF
:1027D00070B1FFE70A99012081F85100FFE70A99DB
:1027E000002081F85000FFE703208DF82F00C0E0A3
:1027F00098E782E00A98406828B1FFE7BDF81C001E
:1028000001280ED1FFE70A980168006B0078087371
:102810000A99086B013008630A99C88E0138C88686
:10282000FFE7FFE70A98C18E0120009039B9FFE762
:102830000A98C08F002818BF01200090FFE7009879
:10284000C007002858D0FFE70A9800688068800712
:10285000002818D5FFE70A98C08EA0B1FFE70398BB
:10286000012810D1FFE70A980168006B007808730F
:102870000A99086B013008630A99C88E0138C88626
:1028800000200390FFE70A9800688068C007A8B19D
:10289000FFE70A98C08F88B1FFE70A980068C06810
:1028A0000A99896B08700A99886B013088630A99C4
:1028B000C88F0138C88701200390FFE7FEF7A8FE04
:1028C0000499401A0E99884204D3FFE70E9801300C
:1028D00018B9FFE70E9870B9FFE70A99012081F84F
:1028E0005100FFE70A99002081F85000FFE703201C
:1028F0008DF82F003DE095E7FFE70A980E99049ABE
:1029000000F0A2FB68B1FFE70A9920204865FFE7C5
:102910000A99002081F85000FFE701208DF82F0070
:1029200027E00A98806870B9FFE7FFE7002002906F
:102930000A980068C06802900A980068806802904F
:102940000298FFE7FFE70A99012081F85100FFE7AD
:102950000A99002081F85000FFE70A98406D20B1E5
:10296000FFE701208DF82F0003E000208DF82F00F5
:10297000FFE79DF82F000CB080BD000080B584B04B
:10298000029001910092029820B9FFE701208DF892
:102990000F002FE0029890F8490040B9FFE7029934
:1029A000002081F84800029800F028F8FFE702991B
:1029B00051F8080BFEF7C2FA029A01991068926862
:1029C000FEF71AFB029B009958689A681B6BFEF78A
:1029D00083FA02980168826851F8220040F00100F1
:1029E00041F822000299012081F8490000208DF869
:1029F0000F00FFE79DF80F0004B080BD80B582B0E6
:102A00000190FEF76DFB02B080BD000080B582B082
:102A10000190019800F016FC02B080BD80B582B034
:102A20000090009820B9FFE701208DF8070040E0F2
:102A30000098806908B1FFE700E0FFE7009890F890
:102A4000410040B9FFE70099002081F8400000985C
:102A500000F034F8FFE70099242081F84100009845
:102A60000168C86820F40050C860009800F0CAFCF3
:102A700000980168086920F4904008610098016896
:102A8000486920F02A00486100980168C86840F44D
:102A90000050C860009900204864009A202182F804
:102AA0004110009A82F84210009948638DF807009F
:102AB000FFE79DF8070002B080BD000080B588B038
:102AC00007900020069005900490039002900798CC
:102AD000006841F20001C4F20101884234D1FFE7ED
:102AE000FFE70020019043F64400C4F202000168B1
:102AF00041F010010160006800F0100001900198A1
:102B0000FFE7FFE70020009043F63000C4F2020028
:102B1000016841F001010160006800F001000090CF
:102B20000098FFE74FF4C06002900220039000205D
:102B3000049003200590072006900020C4F20200B4
:102B400002A9FEF771FBFFE708B080BD80B58AB02F
:102B500008900791ADF81A2005930020029008987C
:102B600090F84100202840F08180FFE7079820B1CD
:102B7000FFE7BDF81A0020B9FFE701208DF8270014
:102B800078E00899002048640899212081F84100E4
:102B9000FEF73EFD0290BDF81A0008998884BDF842
:102BA0001A000899C88408988068B0F5805F09D138
:102BB000FFE70898006928B9FFE70020049007980C
:102BC000039004E00798049000200390FFE7FFE7DC
:102BD0000898C08C78B3FFE70898029B05996A466D
:102BE00011608021002200F0ABFC40B1FFE70899A2
:102BF000202081F8410003208DF827003AE0049856
:102C000058B9FFE7039800886FF35F2008990968B7
:102C1000486003980230039008E00498007808990F
:102C200009684860049801300490FFE70899C88C4F
:102C30000138C884CCE70898029B05996A46116060
:102C40004021002200F07CFC40B1FFE708992020E1
:102C500081F8410003208DF827000BE0089920201F
:102C600081F8410000208DF8270003E002208DF854
:102C70002700FFE79DF827000AB080BDFFE7FEE7C9
:102C800080B581B0ADF80200BDF8021040F2EA60F4
:102C9000C2F200000180028840F66C51C2F20001CD
:102CA0000B68D21A00EE102AB8EEC01A40F20802E1
:102CB000C2F2000292ED000A40F67053C2F2000325
:102CC00093ED002AB8EEC22A20EE020A30EE010A85
:102CD000BDEEC00A40F2EC62C2F2000282ED000AD0
:102CE000D2F800C040F2DC6EC2F2000EAEF800C0B6
:102CF00012681A600088086001B080BD80B590B08D
:102D0000002100910F910E910D910C910B910A9160
:102D100009910891079106910591049103910291FF
:102D200040F6CC40C2F2000001904FF02042026019
:102D300040F20412CAF20002426006228260C160C0
:102D40000161102343618161C161016241624FF4FD
:102D500080528262C1624FF48042026341638163A8
:102D600041644FF00F0CCDF824C0CDF828C0FF22ED
:102D70000B92CDF830C00D9311220E920F914FF0AF
:102D8000090ECDF808E0CDF80CC04FF0080CCDF8D6
:102D900010C0059106930792089109A902AAFFF7AE
:102DA000EDFD18B1FFE7FDF727FFFFE710B080BD8D
:102DB00080B592B00020119010900F900E900D9061
:102DC000FFE700200C9043F63000C4F202000168D7
:102DD00041F080010160006800F080000C900C98C8
:102DE000FFE7FFE700200B9043F63000C4F202003B
:102DF000016841F001010160006800F001000B90E2
:102E00000B98FFE7FFE700200A9043F63000C4F27A
:102E10000200016841F004010160006800F0040054
:102E20000A900A98FFE7FFE70020099043F6300078
:102E3000C4F20200016841F020010160006800F066
:102E4000200009900998FFE7FFE70020089043F66B
:102E50003000C4F20200016841F010010160006816
:102E600000F0100008900898FFE7FFE700200790A7
:102E700043F63000C4F20200016841F0080101602D
:102E8000006800F0080007900798FFE7FFE70020C0
:102E9000069043F63000C4F20200016841F04001A0
:102EA0000160006800F0400006900698FFE70020EF
:102EB000C4F202000190E021009100220492FEF78A
:102EC0008FFB009A019804990D92012202920E92B2
:102ED0000F91022110910DA90391FEF7A5F9029817
:102EE000039910220D924FF404120E920F9040F6A7
:102EF0000000C4F20200FEF797F9049A0A20059038
:102F00001146FEF727FC0598FEF71AFC12B080BDAB
:102F100080B582B040F67440C2F20000019043F6E2
:102F20000041C4F2000101604FF482714160002150
:102F30008160C1600161012242614FF400728261CF
:102F40002022C2610162416281620A21C162FFF7EF
:102F50006FFA18B1FFE7FDF74FFEFFE702B080BD43
:102F600080B582B040F61C50C2F20000019041F2E0
:102F70000001C4F2010101604FF4E1314160002120
:102F80008160C16001610C2242618161C161FFF712
:102F900045FD18B1FFE7FDF72FFEFFE702B080BD4A
:102FA000FFE7FEE7FFE7FEE788B00790069105928E
:102FB000079800F0070004900498C0F10700052866
:102FC00003D3FFE70420019004E00498C0F1070058
:102FD0000190FFE70198039004980430062803D875
:102FE000FFE70020009003E0049803380090FFE71B
:102FF0000098029006980399012202FA01F1013922
:103000000840029B984005999A40013A11400843B4
:1030100008B070477047000080B540F67440C2F2B7
:103020000000FFF7EDF880BD80B582B001900198F7
:10303000806B009000990020C8870099C88600988E
:10304000FFF7DAF802B080BD80B586B00490039136
:1030500002920498039B02996A46116002210122A0
:1030600000F058F848B1FFE70499486D40F020009F
:10307000486503208DF8170048E040F20400C2F2D2
:10308000000000684AF6AB21CAF6AA21A0FB011095
:1030900000094DF68361C4F21B31A0FB0110800CC6
:1030A0004FF47A714843019004984068B0F5827FEC
:1030B00015D1FFE70498039B02996A4611608021AD
:1030C000002200F027F848B1FFE70499486D40F06E
:1030D0002000486503208DF8170017E012E0FFE795
:1030E000019808B9FFE70CE0019801380190FFE76B
:1030F000049800688068C1B20020B0EBD11FEFD106
:10310000FFE7FFE700208DF81700FFE79DF81700A5
:1031100006B080BD80B58AB0DDF830C00890079158
:103120008DF81B20059305980190FEF771FA024671
:1031300001980C99891A08440390FEF769FA0290E5
:10314000039840F20401C2F200010968C1F3CB31D7
:1031500048430490FFE70898006880680799084092
:10316000401AB0FA80F040099DF81B1088425ED0EA
:10317000FFE705980130002858D0FFE7FEF748FA2E
:103180000299401A0399884204D2FFE70398002865
:1031900042D1FFE708980168486820F0E0004860E5
:1031A00008984068B0F5827F13D1FFE708988068DF
:1031B000B0F5004F06D0FFE708988068B0F5806F43
:1031C00007D1FFE708980168086820F04000086010
:1031D000FFE70898806AB0F5005F0FD1FFE7FFE7CF
:1031E00008980168086820F4005008600898016891
:1031F000086840F400500860FFE7FFE708990120E5
:1032000081F85100FFE70899002081F85000FFE79E
:1032100003208DF827000EE0049818B9FFE700207E
:103220000390FFE7049801380490FFE793E700203C
:103230008DF82700FFE79DF827000AB080BD000049
:103240007047000080B582B0009000980138B0F15E
:10325000807F03D3FFE70120019019E00098013837
:103260004EF21401CEF2000108604FF0FF300F2142
:1032700000F012FA4EF21801CEF2000100200860B0
:103280004EF21002CEF20002072111600190FFE71A
:10329000019802B080BD000080B5FEF7BFF980BD87
:1032A00080B594B008A83021FCF7C2FF0020079039
:1032B0000690059004900390FFE70020029043F6EB
:1032C0004000C4F20200016841F0805101600068D2
:1032D00000F0805002900298FFE7FFE70020019085
:1032E00047F20000C4F20000016841F4804101602F
:1032F000006800F4804001900198FFE701200890E9
:103300004FF48030099002210E914FF480000F900D
:1033100004201090A82211921291139008A8FEF791
:103320000BFC18B1FFE7FDF767FCFFE70F200390E8
:1033300002200490002005904FF4A05006904FF416
:103340008050079003A80521FEF726FA18B1FFE781
:10335000FDF752FCFFE714B080BD00004EF6885127
:10336000CEF20001086840F4700008607047000069
:1033700084B00390FFE7FFE70398006850E8030F6D
:1033800020F490700290FFE702990398026842E8E7
:1033900003100028F0D1FFE7FFE7FFE7FFE70398FE
:1033A000006850E8050F20F001000190FFE7019947
:1033B0000398026842E805100028F0D1FFE7FFE714
:1033C0000398006B012814D1FFE7FFE7FFE703989C
:1033D000006850E8030F20F010000090FFE700990C
:1033E0000398026842E803100028F0D1FFE7FFE7E6
:1033F000FFE70399202081F8420003990020086329
:1034000004B0704780B586B00590059800680069E3
:1034100020F44050059A1168D2681043086105995C
:1034200088680B694A69C9691843104308430490C6
:1034300005980068C06849F20C6188430499084304
:1034400005990968C86005980068406920F44070D3
:10345000059A11689269104348610598006841F225
:103460000001C4F20101884209D0FFE70598006815
:1034700041F20041C4F20101884204D1FFE7FEF7A6
:10348000D5FA039003E0FEF7BFFA0390FFE7059833
:10349000C069B0F5004F29D1FFE703981921A0FBBF
:1034A0000101059A1368029353685A00DB0FFCF779
:1034B00087FE0299864648F21F53C5F2EB13AEFB16
:1034C0000320420910014FF0640C02FB1CEC322275
:1034D00002EBCC02A2FB0332F82303EA521300EB07
:1034E0004300C2F342121044886026E00398192179
:1034F000A0FB0101059A1368019353689A009B0F82
:10350000FCF75EFE0199844648F21F52C5F2EB12A9
:10351000ACFB02304309642003FB10CC322000EBEB
:103520000C10A0FB0202F02000EA521000EB031086
:10353000C2F3431210448860FFE706B080BD00006C
:1035400080B586B0DDF820C0049003918DF80B2083
:103550000193FFE704980068006803990840401A47
:10356000B0FA80F040099DF80B1088424DD1FFE77A
:1035700008980130002847D0FFE7FEF749F8019985
:10358000401A0899884203D8FFE7089820B9FFE756
:1035900003208DF817003CE004980068C0684007DD
:1035A000002830D5FFE7039880282CD0FFE7039848
:1035B000402828D0FFE704980068006800F0080160
:1035C0000120B0EBD10F1DD1FFE7FFE700200090F5
:1035D00004980068006800900498006840680090B3
:1035E0000098FFE70498FFF7C3FE04990820486499
:1035F000FFE70499002081F84000FFE701208DF8E3
:10360000170006E0FFE7FFE7A4E700208DF81700AA
:10361000FFE79DF8170006B080BD0000FFE7FEE75A
:1036200081B08DF803009DF90300002812D4FFE754
:103630009DF9031001F01F02012090404A094EF24B
:103640008011CEF2000141F82200BFF34F8FBFF38B
:103650006F8FFFE701B0704781B08DF803009DF9CF
:10366000030000280ED4FFE79DF9031001F01F02AC
:10367000012090404A094EF20011CEF2000141F8BB
:103680002200FFE701B070474EF60C50CEF200006A
:103690000068C0F30220704782B08DF807000091E7
:1036A0009DF9070000280AD4FFE7009800019DF962
:1036B00007104EF20042CEF2000288540BE0009850
:1036C00000019DF8071001F00F014EF61452CEF2E2
:1036D00000028854FFE702B07047000083B00290F8
:1036E000029800F0070000904EF60C51CEF2000157
:1036F0000868019001984FF6FF0210400190019870
:10370000009A40EA02200022C0F2FA5210430190CF
:103710000198086003B0704784B00390ADF80A10B8
:103720008DF809208DF80830FF208DF80700002063
:103730008DF80700BDF80A000399088003994CF240
:10374000D830C0F6000048609DF8090003998870E1
:103750009DF808000399C8700398008801460091FD
:10376000102856D0FFE70098402841D0FFE7009886
:10377000B0F5807F2BD0FFE70098B0F5806F15D0B3
:10378000FFE70098B0F5805F56D1FFE7039901206D
:1037900088810399C881039948F63040C0F600003B
:1037A000886003994FF06650086149E0039904204E
:1037B00088810399C881039948F63040C0F600001B
:1037C0000630886003994FF06A50086138E0039929
:1037D000102088810399C881039948F63040C0F6CB
:1037E00000001E30886003994FF06E50086127E09A
:1037F0000399402088810399C881039948F6304095
:10380000C0F600007E30886003994FF07250086166
:1038100016E003994FF4807088810399C881039959
:1038200048F63040C0F6000000F5FF70886003994C
:103830004FF07650086103E0FF208DF80700FFE7A6
:103840009DF9070004B0704787B006900591049277
:103850000393002000900698811C06910088ADF823
:103860000800059801380190FFE70198D0B1FFE703
:103870000698811C06910088ADF80A00BDF9080081
:10388000BDF90A10884209DAFFE7BDF80A00ADF871
:10389000080005980199401A0090FFE70198013847
:1038A0000190E2E7BDF808000499088000980399A8
:1038B000086007B07047000087B006900591049239
:1038C0000393002000900698811C06910088ADF8B3
:1038D0000800059801380190FFE70198D0B1FFE793
:1038E0000698811C06910088ADF80A00BDF9080011
:1038F000BDF90A10884209DDFFE7BDF80A00ADF8FE
:10390000080005980199401A0090FFE701980138D6
:103910000190E2E7BDF80800049908800098039937
:10392000086007B07047000082B000208DF80700E3
:10393000FFE79DF8070001283EDCFFE79DF8072020
:1039400002EB420040F2DF63C2F200031844C07889
:1039500040F21801C2F20001009141F822009DF8E6
:10396000072051F82200000241F822009DF80720AC
:1039700002EB4200184490F804C051F8220040EADB
:103980000C0041F822009DF8072051F822000002A7
:1039900041F822009DF8072002EB420018444379C9
:1039A00051F82200184341F82200FFE79DF8070074
:1039B00001308DF80700BCE740F21801C2F20001A7
:1039C00008680012086048680012486008880860AB
:1039D000888848600A6840F23800C2F2000002801D
:1039E00049684180B0F9000000EE100AB8EEC00A44
:1039F0009FED071A20EE010A9FED061A80EE010ADC
:103A000040F2F460C2F2000080ED000A02B070479C
:103A100048E11A4000FEFF4680B582B0ADF80600CE
:103A2000BDF80600FDF73AFB02B080BD82B0019000
:103A300000200090FFE700980199884206D2FFE736
:103A400000BFFFE7009801300090F4E702B0704734
:103A500080B58AB0ADF8260040F68E50C2F2000064
:103A60000088ADF8200040F68A50C2F200000088BD
:103A7000ADF81E004FF6D870ADF81C002820ADF848
:103A80001A00BDF91C00BDF92610BDF92030C91A75
:103A9000BDF91A20121A5143BDF91E20D21A91FB0A
:103AA000F2F10844ADF81800BDF918004FF4967112
:103AB000484344F6D351C1F2620150FB01F1480979
:103AC00000EBD170C0F16E00ADF8220040F20C00A6
:103AD000C2F200000078E0B1FFE7BDF822100A2032
:103AE00005904FF6FF7200F0ABFA059840F668516A
:103AF000C2F200010880BDF8220040F66A51C2F20D
:103B00000001088040F20C01C2F2000100200870A0
:103B100047E040F66850C2F2000000880130ADF87E
:103B20002400BDF82400B0F5EB7F20DAFFE740F673
:103B30006850C2F200000390008840F66A51C2F259
:103B4000000104910988BDF82420BDF82230EE461A
:103B50004FF6FF7CCEF800C000F0DAF9039A049922
:103B6000BDF824001080BDF82200088018E0002075
:103B700000F098F8BDF822100A2002904FF6FF726C
:103B800000F05EFA029840F66851C2F20001088027
:103B9000BDF8220040F66A51C2F200010880FFE73A
:103BA000FFE70AB080BD000080B582B001900091AF
:103BB00040F61C50C2F2000001A901224FF0FF3371
:103BC000FEF7C4FF019802B080BD000083B00190F1
:103BD00040F68250C2F20000B0F9000000EB907095
:103BE00080104000009040F66C40C2F20000006877
:103BF000A8B9FFE740F66C41C2F20001012008605D
:103C0000019840F67041C2F200010860019840F648
:103C10006841C2F200010860002002903EE0019875
:103C200040F66841C2F200010968884207DCFFE7FC
:103C3000019840F66841C2F2000108602BE040F6AE
:103C40007040C2F20000006840F66841C2F2000114
:103C50000968401A009988420FDBFFE7019840F697
:103C60007041C2F200010860019840F66841C2F25A
:103C7000000108600120029010E0019840F67041B8
:103C8000C2F200010860019840F66841C2F20001EA
:103C90000860FFE7FFE700200290FFE7029803B00B
:103CA0007047000080B584B0ADF80E00002100918F
:103CB000029140F67450C2F20000028801924288DC
:103CC000019850430190084603F076FB03F07CFE18
:103CD00000980290FFE70298019988420BD2FFE713
:103CE000BDF80E008021C6F600410880FFE702986B
:103CF00001300290EFE704B080BD000080B582B0D3
:103D00008DF807009DF8070040F67451C2F20001DB
:103D100088719DF80700002840F08080FFE740F69A
:103D20007450C2F20000F02101804FF4A071418074
:103D3000808845F21051884214D1FFE740F6745153
:103D4000C2F200014FF4305008814FF428504881EE
:103D50004FF42C5088814FF4F07008804FF4487075
:103D6000488026E040F67450C2F20000808841F698
:103D70006311884211D1FFE740F67451C2F200018D
:103D80002C2008812B2048812A2088814FF4F07054
:103D900008804FF4487048800AE040F67451C2F23F
:103DA00000012C2008812A2048812B208881FFE7F0
:103DB000FFE740F67450C2F20000808845F21031EF
:103DC00088420AD0FFE740F67450C2F200008088B3
:103DD00047F2967188420BD1FFE740F67451C2F268
:103DE00000014FF4A07008804FF4F0704880FFE7A6
:103DF00040F67450C2F20000808849F606018842FD
:103E00000BD1FFE740F67451C2F200014FF4F0709D
:103E100008804FF448704880FFE773E040F6745024
:103E2000C2F200004FF4A0710180F021418080882F
:103E300045F21051884214D1FFE740F67451C2F2A6
:103E400000014FF4305008814FF4285048814FF45E
:103E50002C5088814FF4487008804FF4F0704880EF
:103E600030E040F67450C2F20000808841F66311E1
:103E700088420AD0FFE740F67450C2F20000808802
:103E800049F60601884211D1FFE740F67451C2F2AB
:103E900000012C2008812A2048812B2088814FF4A2
:103EA000487008804FF4F07048800AE040F6745182
:103EB000C2F200012C2008812A2048812B20888111
:103EC000FFE7FFE740F67450C2F20000808845F239
:103ED000103188420AD0FFE740F67450C2F2000069
:103EE000808847F2967188420BD1FFE740F6745103
:103EF000C2F200014FF4F07008804FF4A0704880C7
:103F0000FFE7FFE7002003F0A9F802B080BD000042
:103F100080B58CB084460E98ADF82EC0ADF82C104C
:103F2000ADF82A20ADF82830ADF826000020089022
:103F30000790BDF82A00BDF82E10401A0690BDF873
:103F40002800BDF82C10401A0590BDF82E000190F5
:103F5000BDF82C0000900698012803DBFFE7012044
:103F600003900DE0069818B9FFE70020039006E0E3
:103F70004FF0FF300390069840420690FFE7FFE7BE
:103F80000598012803DBFFE7012002900DE005986A
:103F900018B9FFE70020029006E04FF0FF300290D2
:103FA000059840420590FFE7FFE70698059988428B
:103FB00003DDFFE70698049002E005980490FFE710
:103FC0000020ADF82400FFE7BDF82400049901317A
:103FD000884233DCFFE7BDF80400BDF80010BDF8EF
:103FE000262000F02DF806990898084408900599B5
:103FF00007980844079008980499884209DDFFE76C
:1040000004990898401A089003990198084401906F
:10401000FFE707980499884209DDFFE704990798AC
:10402000401A07900299009808440090FFE7FFE7C4
:10403000BDF824000130ADF82400C5E70CB080BD08
:1040400080B582B0ADF80600ADF804100092BDF85E
:104050000600BDF8041003F0AFF903F0B5FC0098BA
:104060008021C6F60041088002B080BD80B58CB0CA
:10407000CF2003F099FC00200A9003F085FCC120BA
:10408000009003F081FC3020019003F07DFCED20D6
:1040900003F08AFC642003F077FC032003F074FC37
:1040A000122003F071FC812003F06EFCE82003F085
:1040B0007BFC852003F068FC1020049003F064FC76
:1040C0007A2003F061FCCB2003F06EFC392003F072
:1040D0005BFC2C2003F058FC0A9803F055FC3420BC
:1040E00003F052FC022003F04FFCF72003F05CFCCD
:1040F000202003F049FCEA2003F056FC0A9803F064
:1041000043FC0A9803F040FCC02003F04DFC1B2048
:1041100003F03AFC009803F047FC0120079003F0FD
:1041200033FCC52003F040FC019803F02DFC0198FE
:1041300003F02AFCC72003F037FCB72003F024FC6F
:10414000362003F031FC482003F01EFC3A2003F037
:104150002BFC552003F018FCB12003F025FC0A9835
:1041600003F012FC1A2003F00FFCB62003F01CFC35
:104170000A20039003F008FCA22003F005FCF220C3
:1041800003F012FC0A9803F0FFFB262003F00CFC5E
:10419000079803F0F9FBE02003F006FC0F200590E0
:1041A00003F0F2FB2A20099003F0EEFB282003F035
:1041B000EBFB0820029003F0E7FB0E2003F0E4FB8A
:1041C000029803F0E1FB542003F0DEFBA92003F08A
:1041D000DBFB432003F0D8FB039803F0D5FB0598E5
:1041E00003F0D2FB0A9803F0CFFB0A9803F0CCFB54
:1041F0000A9803F0C9FB0A9803F0C6FBE12003F01C
:10420000D3FB0A9803F0C0FB152003F0BDFB172079
:1042100003F0BAFB072003F0B7FB11200B9003F06B
:10422000B3FB062003F0B0FB2B20069003F0ACFBA1
:10423000562003F0A9FB3C2003F0A6FB052003F069
:10424000A3FB049803F0A0FB059803F09DFB3F201F
:10425000089003F099FB089803F096FB059803F08B
:1042600093FB069803F0A0FB0A9803F08DFB0A98D5
:1042700003F08AFB079803F087FB089803F084FBA0
:10428000099803F091FB0A9803F07EFB0A9803F06B
:104290007BFB0A9803F078FBEF2003F075FB0B988B
:1042A00003F082FB7820FFF7B7FB292003F07CFBAB
:1042B0000CB080BD80B596B0FF20019003F074FB78
:1042C000019803F061FB982003F05EFB06200D903F
:1042D00003F05AFBBC2003F067FB0120129003F0AF
:1042E00053FB0F20109003F04FFB612003F04CFBB9
:1042F000019803F049FB129803F046FB129803F073
:1043000043FB0B200A9003F03FFB1020099003F0C1
:104310003BFB372003F038FB632003F035FB0198AB
:1043200003F032FB019803F02FFB129803F02CFBF3
:10433000129803F029FB0020159003F025FB159837
:1043400003F022FB019803F01FFB522003F01CFB3B
:10435000129803F019FB159803F016FB4020069005
:1043600003F012FBBD2003F01FFB129803F00CFBBF
:104370002320029003F008FB4520039003F004FB88
:104380006720049003F000FB129803F0FDFA0298F6
:1043900003F0FAFA039803F0F7FA049803F0F4FA3A
:1043A000BE2003F001FB159803F0EEFA129803F01B
:1043B000EBFAAB2003F0E8FA602003F0E5FA2220E4
:1043C000059003F0E1FA059803F0DEFA059803F092
:1043D000DBFA059803F0D8FA059803F0D5FAC72060
:1043E00003F0E2FA3620149003F0CEFAED2003F049
:1043F000DBFA7F2003F0C8FA109803F0C5FAC0205A
:1044000003F0D2FA109803F0BFFA0A9803F0BCFA4E
:104410000A200E9003F0B8FAFC2003F0C5FA082039
:1044200003F0B2FADF20139003F0BEFA159803F000
:10443000ABFA159803F0A8FA159803F0A5FA1598A9
:1044400003F0A2FA159803F09FFA2020089003F0D9
:104450009BFAF32003F0A8FA742003F095FAB42035
:1044600003F0A2FA159803F08FFA159803F08CFA6E
:10447000159803F089FAF72003F096FA822003F0EA
:1044800083FAB12003F090FA159803F07DFA132017
:104490000B9003F079FA0B9803F076FAF22003F010
:1044A00083FA802003F070FA042003F06DFA069876
:1044B00003F06AFA282003F067FAC12003F074FAC7
:1044C000172003F061FA8820079003F05DFA07983F
:1044D00003F05AFA089803F057FAE02003F064FA60
:1044E000159803F051FA0E9803F04EFA122003F0DB
:1044F0004BFA099803F048FA0E200F9003F044FAA3
:10450000089803F041FACC2003F03EFA072003F0AC
:104510003BFA0D9803F038FA0A9803F035FA0F9831
:1045200003F032FA109803F02FFA0D200C9003F0EC
:104530002BFA1520119003F027FA099803F024FABA
:10454000159803F021FAE12003F02EFA159803F0F4
:104550001BFA0A9803F018FA0B9803F015FA0C9856
:1045600003F012FA0F9803F00FFA1B2003F00CFA75
:10457000712003F009FA0D9803F006FA0D9803F084
:1045800003FA0E9803F000FA109803F0FDF90F9863
:1045900003F0FAF9109803F0F7F9119803F0F4F921
:1045A0000C2003F0F1F9159803F0EEF92A2003F03E
:1045B000FBF9159803F0E8F9159803F0E5F912985E
:1045C00003F0E2F9139803F0DFF92B2003F0ECF984
:1045D000159803F0D9F9159803F0D6F9032003F0E4
:1045E000D3F91F2003F0D0F93A2003F0DDF955206C
:1045F00003F0CAF9149803F0D7F9159803F0C4F939
:10460000112003F0D1F97820FFF706FA292003F0F2
:10461000CBF91420FFF700FA2C2003F0C5F916B0EF
:1046200080BD000080B5CEB0ED2003F0BDF90120C3
:10463000219003F0A9F9FE2003F0A6F9EE2003F083
:10464000B3F9DE2003F0A0F921200B9003F09CF9D0
:10465000F12003F0A9F9219803F096F9DF2003F087
:10466000A3F91020459003F08FF9C4202D9003F09A
:104670009BF98F2003F088F9C620089003F094F985
:1046800000204A9003F080F9E220169003F07CF9B4
:10469000169803F079F9169803F076F9BF2003F025
:1046A00083F9AA20419003F06FF9B02003F07CF960
:1046B0000D20009003F068F94A9803F065F900981E
:1046C00003F062F94A9803F05FF91120479003F074
:1046D0005BF94A9803F058F9192003F055F94A9804
:1046E00003F052F90B9803F04FF94A9803F04CF994
:1046F0002D2003F049F94A9803F046F93D2003F0D4
:1047000043F94A9803F040F95D20269003F03CF904
:104710004A9803F039F9269803F036F94A9803F0DD
:1047200033F9B12003F040F9802003F02DF94A98C5
:1047300003F02AF98B20109003F026F94A9803F031
:1047400023F99620019003F01FF94A9803F01CF911
:10475000B22003F029F94A9803F016F94A9803F0B9
:1047600013F90220239003F00FF94A9803F00CF993
:104770000320029003F008F94A9803F005F9B320EA
:104780002B9003F011F94A9803F0FEF84A9803F0D1
:10479000FBF84A9803F0F8F84A9803F0F5F84A98BD
:1047A00003F0F2F84A9803F0EFF84A9803F0ECF8B7
:1047B0004A9803F0E9F84A9803F0E6F84A9803F0BB
:1047C000E3F84A9803F0E0F84A9803F0DDF84A98D5
:1047D00003F0DAF84A9803F0D7F84A9803F0D4F8CF
:1047E0004A9803F0D1F84A9803F0CEF84A9803F0BB
:1047F000CBF84A9803F0C8F84A9803F0C5F84A98ED
:1048000003F0C2F84A9803F0BFF84A9803F0BCF8E6
:104810004A9803F0B9F8B42003F0C6F8109803F0F2
:10482000B3F84A9803F0B0F8019803F0ADF84A984D
:1048300003F0AAF8A12003F0A7F84A9803F0A4F81F
:10484000B52003F0B1F8239803F09EF84A9803F0DE
:104850009BF8029803F098F84A9803F095F8042022
:10486000039003F091F84A9803F08EF8B62003F015
:104870009BF84A9803F088F84A9803F085F8B72027
:104880001D9003F091F84A9803F07EF84A9803F0DF
:104890007BF83F2003F078F84A9803F075F85E2023
:1048A00003F072F84A9803F06FF86420489003F020
:1048B0006BF84A9803F068F88C2003F065F84A9882
:1048C00003F062F8AC2003F05FF84A9803F05CF85C
:1048D000DC20309003F058F84A9803F055F8702027
:1048E00003F052F84A9803F04FF8902003F04CF888
:1048F0004A9803F049F8EB2003F046F84A9803F091
:1049000043F8309803F040F84A9803F03DF8B82097
:1049100003F04AF84A9803F037F84A9803F034F85D
:104920004A9803F031F84A9803F02EF84A9803F0B9
:104930002BF84A9803F028F84A9803F025F84A988B
:1049400003F022F8BA2003F02FF82420069003F099
:104950001BF84A9803F018F84A9803F015F84A989B
:1049600003F012F8C12003F01FF82020099003F093
:104970000BF84A9803F008F8542003F005F84A9819
:1049800003F002F8FF204B9002F0FEFF4A9802F07D
:10499000FBFFC2201E9003F007F80A20189002F0D7
:1049A000F3FF4A9802F0F0FF039802F0EDFF4A98F7
:1049B00002F0EAFFC32002F0F7FF3C20249002F04F
:1049C000E3FF4A9802F0E0FF3A20469002F0DCFF55
:1049D0004A9802F0D9FF392002F0D6FF4A9802F037
:1049E000D3FF372002F0D0FF4A9802F0CDFF249881
:1049F00002F0CAFF4A9802F0C7FF36200D9002F07D
:104A0000C3FF4A9802F0C0FF3220339002F0BCFF8F
:104A10004A9802F0B9FF2F20049002F0B5FF4A989F
:104A200002F0B2FF2C204D9002F0AEFF4A9802F047
:104A3000ABFF2920499002F0A7FF4A9802F0A4FF9B
:104A40002620059002F0A0FF4A9802F09DFF0698EC
:104A500002F09AFF4A9802F097FF069802F094FF3E
:104A60004A9802F091FF2320379002F08DFF4A9878
:104A700002F08AFF249802F087FF4A9802F084FF30
:104A80000D9802F081FF4A9802F07EFF339802F001
:104A90007BFF4A9802F078FF049802F075FF4A986D
:104AA00002F072FF4D9802F06FFF4A9802F06CFF1F
:104AB000499802F069FF4A9802F066FF059802F0F3
:104AC00063FF4A9802F060FF069802F05DFF4A9883
:104AD00002F05AFF069802F057FF4A9802F054FF7E
:104AE000379802F051FF4A9802F04EFF2D9802F0DD
:104AF0005BFF62201A9002F047FF4A9802F044FFE1
:104B00000520179002F040FF4A9802F03DFF8420F4
:104B1000289002F039FF4A9802F036FFF0204290C8
:104B200002F032FF4A9802F02FFF1820079002F09F
:104B30002BFF4A9802F028FFA42002F025FF4A9894
:104B400002F022FF079802F01FFF4A9802F01CFFB4
:104B50005020439002F018FF4A9802F015FF0C20F5
:104B600002F012FF4A9802F00FFF17200A9002F09D
:104B70000BFF4A9802F008FF952002F005FF4A98C3
:104B800002F002FFF320449002F0FEFE4A9802F089
:104B9000FBFEE620319002F0F7FE4A9802F0F4FEA8
:104BA000C52002F001FF339802F0EEFE4A9802F0B1
:104BB000EBFE4420409002F0E7FE4A9802F0E4FE4B
:104BC000652002F0E1FE4A9802F0DEFE7620349085
:104BD00002F0DAFE4A9802F0D7FE88203C9002F0FC
:104BE000D3FE4A9802F0D0FE089802F0DDFE099844
:104BF00002F0CAFE4A9802F0C7FE0A9802F0C4FE0C
:104C00004A9802F0C1FE219802F0BEFE4A9802F0D6
:104C1000BBFEC7201F9002F0C7FE4A9802F0B4FE08
:104C20004A9802F0B1FE4A9802F0AEFE4A9802F0AD
:104C3000ABFEC82002F0B8FE4A9802F0A5FE4A98E2
:104C400002F0A2FE4A9802F09FFE4A9802F09CFEF3
:104C5000C92002F0A9FE4A9802F096FE4A9802F096
:104C600093FE4A9802F090FE4A9802F08DFE4A9810
:104C700002F08AFE4A9802F087FE4A9802F084FE0B
:104C80004A9802F081FE4A9802F07EFE4A9802F0AD
:104C90007BFE4A9802F078FE4A9802F075FE4A9828
:104CA00002F072FE4A9802F06FFE4A9802F06CFE23
:104CB0004A9802F069FEE020159002F075FE162079
:104CC0000C9002F061FE4A9802F05EFE1C201990E2
:104CD00002F05AFE4A9802F057FE0B9802F054FE7A
:104CE0004A9802F051FE0D9802F04EFE4A9802F0EA
:104CF0004BFE462002F048FE4A9802F045FE522044
:104D00000E9002F041FE4A9802F03EFE489802F0F2
:104D10003BFE4A9802F038FE7A200F9002F034FEF3
:104D20004A9802F031FE109802F02EFE4A9802F0E6
:104D30002BFE99203E9002F027FE4A9802F024FEB6
:104D4000A820119002F020FE4A9802F01DFEB92022
:104D5000129002F019FE4A9802F016FE2D9802F009
:104D600013FE4A9802F010FECA20139002F00CFEC7
:104D70004A9802F009FED220149002F005FE4A98EB
:104D800002F002FED92002F0FFFD4A9802F0FCFD7D
:104D9000159802F0F9FD4A9802F0F6FD449802F0E9
:104DA000F3FD4A9802F0F0FDE12002F0FDFD0C98C1
:104DB00002F0EAFD4A9802F0E7FD199802F0E4FDDE
:104DC0004A9802F0E1FD222002F0DEFD4A9802F04E
:104DD000DBFD0D9802F0D8FD4A9802F0D5FD452084
:104DE000399002F0D1FD4A9802F0CEFD0E9802F003
:104DF000CBFD4A9802F0C8FD489802F0C5FD4A98DC
:104E000002F0C2FD0F9802F0BFFD4A9802F0BCFD0F
:104E1000109802F0B9FD4A9802F0B6FD3E9802F0F3
:104E2000B3FD4A9802F0B0FD119802F0ADFD4A982A
:104E300002F0AAFD129802F0A7FD4A9802F0A4FD24
:104E40002D9802F0A1FD4A9802F09EFD139802F001
:104E50009BFD4A9802F098FD149802F095FD4A983F
:104E600002F092FDD82002F08FFD4A9802F08CFDEE
:104E7000159802F089FD4A9802F086FD449802F0E8
:104E800083FD4A9802F080FD169802F08DFD179878
:104E900002F07AFD4A9802F077FD0B2002F074FDD3
:104EA0004A9802F071FD1B2002F06EFD4A9802F054
:104EB0006BFD3420329002F067FD4A9802F064FDE9
:104EC000409802F061FD4A9802F05EFD4F2002F02A
:104ED0005BFD4A9802F058FD612002F055FD4A98AA
:104EE00002F052FD792002F04FFD4A9802F04CFD8D
:104EF0003C9802F049FD4A9802F046FD97201B902D
:104F000002F042FD4A9802F03FFDA6201C9002F0FC
:104F10003BFD4A9802F038FD1D9802F035FD4A9895
:104F200002F032FD1E9802F02FFD4A9802F02CFD8F
:104F30001F9802F029FD4A9802F026FDD12020900A
:104F400002F022FD4A9802F01FFDD62002F01CFD5F
:104F50004A9802F019FDDD20229002F015FD4A98D2
:104F600002F012FD449802F00FFD4A9802F00CFD89
:104F7000E32002F019FD179802F006FD4A9802F0AE
:104F800003FD189802F000FD4A9802F0FDFC199804
:104F900002F0FAFC4A9802F0F7FC3320389002F055
:104FA000F3FC4A9802F0F0FC409802F0EDFC4A98BD
:104FB00002F0EAFC439802F0E7FC4A9802F0E4FCB5
:104FC0001A9802F0E1FC4A9802F0DEFC782002F028
:104FD000DBFC4A9802F0D8FC3C9802F0D5FC4A98D9
:104FE00002F0D2FC1B9802F0CFFC4A9802F0CCFCF5
:104FF0001C9802F0C9FC4A9802F0C6FC1D9802F009
:10500000C3FC4A9802F0C0FC1E9802F0BDFC4A980E
:1050100002F0BAFC1F9802F0B7FC4A9802F0B4FC08
:10502000209802F0B1FC4A9802F0AEFCD52002F0C4
:10503000ABFC4A9802F0A8FC229802F0A5FC4A9822
:1050400002F0A2FC449802F09FFC4A9802F09CFCFB
:10505000E42002F0A9FC219802F096FC4A9802F0A4
:1050600093FC219802F090FC4A9802F08DFC239862
:1050700002F08AFC4A9802F087FC2A2002F084FCA5
:105080004A9802F081FC249802F07EFC4A9802F0D3
:105090007BFC4B20259002F077FC4A9802F074FCD0
:1050A000269802F071FC4A9802F06EFC742027905A
:1050B00002F06AFC4A9802F067FC289802F064FC4F
:1050C0004A9802F061FC9320299002F05DFC4A9816
:1050D00002F05AFCA2202A9002F056FC4A9802F0F4
:1050E00053FC2B9802F050FC4A9802F04DFCBE2075
:1050F0002C9002F049FC4A9802F046FC2D9802F0F0
:1051000043FC4A9802F040FCCD202E9002F03CFC7B
:105110004A9802F039FCD3202F9002F035FC4A98CF
:1051200002F032FC229802F02FFC4A9802F02CFC8C
:10513000449802F029FC4A9802F026FCE52002F08F
:1051400033FC4A9802F020FC4A9802F01DFC4A9871
:1051500002F01AFC4A9802F017FC239802F014FCA3
:105160004A9802F011FC499802F00EFC4A9802F0AD
:105170000BFC249802F008FC4A9802F005FC2598E4
:1051800002F002FC4A9802F0FFFB269802F0FCFBBA
:105190004A9802F0F9FB279802F0F6FB4A9802F0D1
:1051A000F3FB289802F0F0FB4A9802F0EDFB2998F7
:1051B00002F0EAFB4A9802F0E7FB2A9802F0E4FBCF
:1051C0004A9802F0E1FB2B9802F0DEFB4A9802F0CD
:1051D000DBFB2C9802F0D8FB4A9802F0D5FB2D9807
:1051E00002F0D2FB4A9802F0CFFB2E9802F0CCFBE3
:1051F0004A9802F0C9FB2F9802F0C6FB4A9802F0C9
:10520000C3FB309802F0C0FB4A9802F0BDFB449803
:1052100002F0BAFB4A9802F0B7FB319802F0C4FBE7
:10522000479802F0B1FB4A9802F0AEFB329802F0C8
:10523000ABFB4A9802F0A8FB5620369002F0A4FB84
:105240004A9802F0A1FB349802F09EFB4A9802F0C3
:105250009BFB77203B9002F097FB4A9802F094FB6F
:1052600066203F9002F090FB4A9802F08DFB3C983C
:1052700002F08AFB4A9802F087FB3E9802F084FB1A
:105280004A9802F081FBBB203D9002F07DFB4A98DA
:1052900002F07AFB3E9802F077FB4A9802F074FB2A
:1052A0003F9802F071FB4A9802F06EFB55204C903B
:1052B00002F06AFB4A9802F067FB4C9802F064FB2C
:1052C0004A9802F061FB399802F05EFB4A9802F0BE
:1052D0005BFB432002F058FB4A9802F055FB4098D4
:1052E00002F052FB4A9802F04FFBE72002F05CFB11
:1052F000339802F049FB4A9802F046FB4C9802F0C2
:1053000043FB4A9802F040FB349802F03DFB4A9878
:1053100002F03AFB3F9802F037FB4A9802F034FB68
:105320006720359002F030FB4A9802F02DFB35984B
:1053300002F02AFB4A9802F027FB87203A9002F0FD
:1053400023FB4A9802F020FB3E9802F01DFB4A988E
:1053500002F01AFB3D9802F017FB4A9802F014FB8A
:105360003E9802F011FB4A9802F00EFB3B9802F0C7
:105370000BFB4A9802F008FB409802F005FB4A98A4
:1053800002F002FB369802F0FFFA4A9802F0FCFAAB
:10539000379802F0F9FA4A9802F0F6FA389802F0D3
:1053A000F3FA4A9802F0F0FA399802F0EDFA4A98C6
:1053B00002F0EAFAE82002F0F7FA4A9802F0E4FA7A
:1053C0004A9802F0E1FA3E9802F0DEFA4A9802F0BA
:1053D000DBFA3A9802F0D8FA4A9802F0D5FA3C98EB
:1053E00002F0D2FA4A9802F0CFFA3B9802F0CCFAD7
:1053F0004A9802F0C9FA3F9802F0C6FA4A9802F0B9
:10540000C3FA3C9802F0C0FA4A9802F0BDFA4198FB
:1054100002F0BAFA4A9802F0B7FA3D9802F0B4FAEC
:105420004A9802F0B1FA3E9802F0AEFA4A9802F0B9
:10543000ABFA3F9802F0A8FA4A9802F0A5FA4C9805
:1054400002F0A2FA4A9802F09FFA4C9802F09CFAF5
:105450004A9802F099FA409802F096FA4A9802F0B7
:1054600093FA409802F090FA4A9802F08DFA4C981C
:1054700002F08AFA4A9802F087FAE92002F094FAD8
:10548000419802F081FA4A9802F07EFA4A9802F0B6
:105490007BFA4A9802F078FA4A9802F085FA419825
:1054A00002F072FACF2002F07FFA4A9802F06CFA0A
:1054B0004A9802F069FA4A9802F066FA4A9802F0AD
:1054C00063FA4A9802F060FA4A9802F05DFA4A9844
:1054D00002F05AFA4A9802F057FA4A9802F054FA3F
:1054E0004A9802F051FA4A9802F04EFA4A9802F0AD
:1054F0004BFA4A9802F048FA4A9802F045FA4A985C
:1055000002F042FA4A9802F03FFA4A9802F03CFA56
:10551000429802F049FA4A9802F036FA439802F0AB
:1055200033FA4A9802F030FA4A9802F02DFA4A9873
:1055300002F02AFA449802F037FA4A9802F024FA64
:10554000F92002F031FA062002F01EFA459802F026
:105550001BFA499802F018FA4A9802F015FA469890
:1055600002F022FA4C9802F00FFA479802F01CFA67
:105570004898FEF751FA499802F016FA352002F0E1
:1055800013FA4A9802F000FA512002F00DFA4B98F3
:1055900002F0FAF9532002F007FA4D9802F0F4F9FC
:1055A0004C9802F001FA822002F0EEF94D9802F0D8
:1055B000FBF94EB080BD000080B5B4B04FF4704030
:1055C00019905521329102F009FA4FF201001A9018
:1055D000AA211B9102F002FA4FF202001C90522104
:1055E0001D9102F0FBF94FF203001E9008211F915C
:1055F00002F0F4F94FF2040020900121289102F00A
:10560000EDF94FF430400D21009102F0E7F90099D7
:105610004BF2010002F0E2F900994BF2020002F0B5
:10562000DDF94FF43640239034210D9102F0D6F984
:105630000D994BF2016002F0D1F90D994BF2026025
:1056400002F0CCF900994FF43140219002F0C6F9F4
:1056500000994BF20110229002F0C0F900994BF230
:10566000021002F0BBF90D994FF43740249002F07C
:10567000B5F90D994BF20170259002F0AFF90D9933
:105680004BF2027002F0AAF94FF43240002131913E
:1056900002F0A4F931994BF2012002F09FF93199FF
:1056A0004BF2022002F09AF94FF43840279024215F
:1056B000029102F093F902994BF60100299002F051
:1056C0008DF902994BF602002A9002F087F9289989
:1056D0004FF43F4002F082F94FF433400F21019123
:1056E00002F07CF901994BF2013002F077F901994F
:1056F0004BF2023002F072F90D994FF4394002F08A
:105700006DF90D994BF6011002F068F90D994BF601
:10571000021002F063F91F994FF4354002F05EF970
:105720001F994BF2015002F059F91F994BF20250A8
:1057300002F054F94FF4424003212B9102F04EF94C
:1057400002994FF43A4002F049F902994BF60120D0
:1057500002F044F902994BF6022002F03FF9319928
:105760004FF43C402C9002F039F94BF601402D905B
:105770007821339102F032F931994BF602402E90A4
:1057800002F02CF931994FF43D4002F027F933999A
:105790004BF6015002F022F931994BF6025002F01B
:1057A0001DF931994FF43E4002F018F94BF60160B3
:1057B000642102F013F931994FF4514002F00EF9CF
:1057C0004DF201103321179102F008F931994DF291
:1057D000021002F003F90D994DF2031002F0FEF8E9
:1057E00031994DF2041002F0F9F84DF205103A210A
:1057F000039102F0F3F831994DF2061002F0EEF841
:105800004DF207104A21049102F0E8F831994DF267
:10581000081002F0E3F84DF209105C21059102F046
:10582000DDF831994DF20A1002F0D8F84DF20B1064
:105830008121069102F0D2F831994DF20C1002F05C
:10584000CDF84DF20D10A621079102F0C7F831995D
:105850004DF20E1002F0C2F84DF20F10E521089142
:1058600002F0BCF828994DF2101002F0B7F84DF292
:1058700011101321099102F0B1F828994DF212107C
:1058800002F0ACF84DF2131054210A9102F0A6F880
:1058900028994DF2141002F0A1F84DF21510822152
:1058A0000B9102F09BF828994DF2161002F096F831
:1058B0004DF21710CA210C9102F090F84DF2181019
:1058C00002212F9102F08AF831994DF2191002F05D
:1058D00085F82F994DF21A1002F080F828994DF2B0
:1058E0001B1002F07BF82F994DF21C1002F076F895
:1058F0000D994DF21D1002F071F82F994DF21E1006
:1059000002F06CF84DF21F1067210E9102F066F85C
:105910002F994DF2201002F061F84DF221108421F0
:105920000F9102F05BF82F994DF2221002F056F819
:105930004DF22310A421109102F050F82F994DF24E
:10594000241002F04BF84DF22510B721119102F00E
:1059500045F82F994DF2261002F040F84DF227102D
:10596000CF21129102F03AF82F994DF2281002F04F
:1059700035F84DF22910DE21139102F02FF82F99FE
:105980004DF22A1002F02AF84DF22B10F221149158
:1059900002F024F82F994DF22C1002F01FF84DF26E
:1059A0002D10FE21159102F019F82B994DF22E10B1
:1059B00002F014F84DF22F101021169102F00EF89B
:1059C0002B994DF2301002F009F817994DF2311071
:1059D00002F004F82B994DF2321001F0FFFF4DF266
:1059E00033106D21189101F0F9FF31994FF45240B5
:1059F00001F0F4FF17994DF2012001F0EFFF31990A
:105A00004DF2022001F0EAFF0D994DF2032001F062
:105A1000E5FF31994DF2042001F0E0FF03994DF2CA
:105A2000052001F0DBFF31994DF2062001F0D6FF91
:105A300004994DF2072001F0D1FF31994DF2082071
:105A400001F0CCFF05994DF2092001F0C7FF319913
:105A50004DF20A2001F0C2FF06994DF20B2001F031
:105A6000BDFF31994DF20C2001F0B8FF07994DF2BE
:105A70000D2001F0B3FF31994DF20E2001F0AEFF81
:105A800008994DF20F2001F0A9FF28994DF210203E
:105A900001F0A4FF09994DF2112001F09FFF289910
:105AA0004DF2122001F09AFF0A994DF2132001F0F5
:105AB00095FF28994DF2142001F090FF0B994DF2BB
:105AC000152001F08BFF28994DF2162001F086FF7A
:105AD0000C994DF2172001F081FF2F994DF21820FB
:105AE00001F07CFF31994DF2192001F077FF2F99D9
:105AF0004DF21A2001F072FF28994DF21B2001F09F
:105B00006DFF2F994DF21C2001F068FF0D994DF2A9
:105B10001D2001F063FF2F994DF21E2001F05EFF62
:105B20000E994DF21F2001F059FF2F994DF22020C0
:105B300001F054FF0F994DF2212001F04FFF2F99F2
:105B40004DF2222001F04AFF10994DF2232001F07E
:105B500045FF2F994DF2242001F040FF11994DF29D
:105B6000252001F03BFF2F994DF2262001F036FF52
:105B700012994DF2272001F031FF2F994DF2282084
:105B800001F02CFF13994DF2292001F027FF2F99E6
:105B90004DF22A2001F022FF14994DF22B2001F042
:105BA0001DFF2F994DF22C2001F018FF15994DF291
:105BB0002D2001F013FF2B994DF22E2001F00EFF46
:105BC00016994DF22F2001F009FF2B994DF230204C
:105BD00001F004FF17994DF2312001F0FFFE2B99DF
:105BE0004DF2322001F0FAFE18994DF2332001F007
:105BF000F5FE31994FF4534001F0F0FE17994DF244
:105C0000013001F0EBFE31994DF2023001F0E6FE79
:105C10000D994DF2033001F0E1FE31994DF204305F
:105C200001F0DCFE03994DF2053001F0D7FE319909
:105C30004DF2063001F0D2FE04994DF2073001F02A
:105C4000CDFE31994DF2083001F0C8FE05994DF2B4
:105C5000093001F0C3FE31994DF20A3001F0BEFE69
:105C600006994DF20B3001F0B9FE31994DF20C302E
:105C700001F0B4FE07994DF20D3001F0AFFE3199FD
:105C80004DF20E3001F0AAFE08994DF20F3001F0EE
:105C9000A5FE28994DF2103001F0A0FE09994DF2B1
:105CA000113001F09BFE28994DF2123001F096FE62
:105CB0000A994DF2133001F091FE28994DF21430FB
:105CC00001F08CFE0B994DF2153001F087FE2899FA
:105CD0004DF2163001F082FE0C994DF2173001F0B2
:105CE0007DFE2F994DF2183001F078FE31994DF27A
:105CF000193001F073FE2F994DF21A3001F06EFE4B
:105D000028994DF21B3001F069FE2F994DF21C309D
:105D100001F064FE0D994DF21D3001F05FFE2F99E8
:105D20004DF21E3001F05AFE0E994DF21F3001F077
:105D300055FE2F994DF2203001F050FE0F994DF293
:105D4000213001F04BFE2F994DF2223001F046FE3A
:105D500010994DF2233001F041FE2F994DF224307D
:105D600001F03CFE11994DF2253001F037FE2F99DC
:105D70004DF2263001F032FE12994DF2273001F03B
:105D80002DFE2F994DF2283001F028FE13994DF287
:105D9000293001F023FE2F994DF22A3001F01EFE2A
:105DA00014994DF22B3001F019FE2F994DF22C3041
:105DB00001F014FE15994DF22D3001F00FFE2B99D4
:105DC0004DF22E3001F00AFE16994DF22F3001F0FF
:105DD00005FE2B994DF2303001F000FE17994DF27F
:105DE000313001F0FBFD2B994DF2323001F0F6FD20
:105DF00018994DF2333001F0F1FD31994FF45440D0
:105E000001F0ECFD17994DF2014001F0E7FD3199E9
:105E10004DF2024001F0E2FD0D994DF2034001F018
:105E2000DDFD31994DF2044001F0D8FD03994DF2AA
:105E3000054001F0D3FD31994DF2064001F0CEFD51
:105E400004994DF2074001F0C9FD31994DF2084027
:105E500001F0C4FD05994DF2094001F0BFFD3199F3
:105E60004DF20A4001F0BAFD06994DF20B4001F0E7
:105E7000B5FD31994DF20C4001F0B0FD07994DF29E
:105E80000D4001F0ABFD31994DF20E4001F0A6FD41
:105E900008994DF20F4001F0A1FD28994DF21040F4
:105EA00001F09CFD09994DF2114001F097FD2899F0
:105EB0004DF2124001F092FD0A994DF2134001F0AB
:105EC0008DFD28994DF2144001F088FD0B994DF29B
:105ED000154001F083FD28994DF2164001F07EFD3A
:105EE0000C994DF2174001F079FD2F994DF21840B1
:105EF00001F074FD31994DF2194001F06FFD2F99B9
:105F00004DF21A4001F06AFD28994DF21B4001F054
:105F100065FD2F994DF21C4001F060FD0D994DF289
:105F20001D4001F05BFD2F994DF21E4001F056FD22
:105F30000E994DF21F4001F051FD2F994DF2204076
:105F400001F04CFD0F994DF2214001F047FD2F99D2
:105F50004DF2224001F042FD10994DF2234001F034
:105F60003DFD2F994DF2244001F038FD11994DF27D
:105F7000254001F033FD2F994DF2264001F02EFD12
:105F800012994DF2274001F029FD2F994DF228403A
:105F900001F024FD13994DF2294001F01FFD2F99C6
:105FA0004DF22A4001F01AFD14994DF22B4001F0F8
:105FB00015FD2F994DF22C4001F010FD15994DF271
:105FC0002D4001F00BFD2B994DF22E4001F006FD06
:105FD00016994DF22F4001F001FD2B994DF2304002
:105FE00001F0FCFC17994DF2314001F0F7FC2B99C0
:105FF0004DF2324001F0F2FC18994DF2334001F0BD
:10600000EDFC31994FF4554001F0E8FC17994DF241
:10601000015001F0E3FC31994DF2025001F0DEFC39
:106020000D994DF2035001F0D9FC31994DF2045015
:1060300001F0D4FC03994DF2055001F0CFFC3199E9
:106040004DF2065001F0CAFC04994DF2075001F0E0
:10605000C5FC31994DF2085001F0C0FC05994DF294
:10606000095001F0BBFC31994DF20A5001F0B6FC29
:1060700006994DF20B5001F0B1FC31994DF20C50E4
:1060800001F0ACFC07994DF20D5001F0A7FC3199DD
:106090004DF20E5001F0A2FC08994DF20F5001F0A4
:1060A0009DFC28994DF2105001F098FC09994DF291
:1060B000115001F093FC28994DF2125001F08EFC22
:1060C0000A994DF2135001F089FC28994DF21450B1
:1060D00001F084FC0B994DF2155001F07FFC2899DA
:1060E0004DF2165001F07AFC0C994DF2175001F068
:1060F00075FC2F994DF2185001F070FC31994DF25A
:10610000195001F06BFC2F994DF21A5001F066FC0A
:1061100028994DF21B5001F061FC2F994DF21C5053
:1061200001F05CFC0D994DF21D5001F057FC2F99C8
:106130004DF21E5001F052FC0E994DF21F5001F02D
:106140004DFC2F994DF2205001F048FC0F994DF273
:10615000215001F043FC2F994DF2225001F03EFCFA
:1061600010994DF2235001F039FC2F994DF2245033
:1061700001F034FC11994DF2255001F02FFC2F99BC
:106180004DF2265001F02AFC12994DF2275001F0F1
:1061900025FC2F994DF2285001F020FC13994DF267
:1061A000295001F01BFC2F994DF22A5001F016FCEA
:1061B00014994DF22B5001F011FC2F994DF22C50F7
:1061C00001F00CFC15994DF22D5001F007FC2B99B4
:1061D0004DF22E5001F002FC16994DF22F5001F0B5
:1061E000FDFB2B994DF2305001F0F8FB17994DF261
:1061F000315001F0F3FB2B994DF2325001F0EEFBE0
:1062000018994DF2335001F0E9FB31994FF45640A3
:1062100001F0E4FB17994DF2016001F0DFFB3199C9
:106220004DF2026001F0DAFB0D994DF2036001F0CE
:10623000D5FB31994DF2046001F0D0FB03994DF28A
:10624000056001F0CBFB31994DF2066001F0C6FB11
:1062500004994DF2076001F0C1FB31994DF20860DD
:1062600001F0BCFB05994DF2096001F0B7FB3199D3
:106270004DF20A6001F0B2FB06994DF20B6001F09D
:10628000ADFB31994DF20C6001F0A8FB07994DF27E
:106290000D6001F0A3FB31994DF20E6001F09EFB01
:1062A00008994DF20F6001F099FB28994DF21060AA
:1062B00001F094FB09994DF2116001F08FFB2899D0
:1062C0004DF2126001F08AFB0A994DF2136001F061
:1062D00085FB28994DF2146001F080FB0B994DF27B
:1062E000156001F07BFB28994DF2166001F076FBFA
:1062F0000C994DF2176001F071FB2F994DF2186067
:1063000001F06CFB31994DF2196001F067FB2F9998
:106310004DF21A6001F062FB28994DF21B6001F00A
:106320005DFB2F994DF21C6001F058FB0D994DF269
:106330001D6001F053FB2F994DF21E6001F04EFBE2
:106340000E994DF21F6001F049FB2F994DF220602C
:1063500001F044FB0F994DF2216001F03FFB2F99B2
:106360004DF2226001F03AFB10994DF2236001F0EA
:1063700035FB2F994DF2246001F030FB11994DF25D
:10638000256001F02BFB2F994DF2266001F026FBD2
:1063900012994DF2276001F021FB2F994DF22860F0
:1063A00001F01CFB13994DF2296001F017FB2F99A6
:1063B0004DF22A6001F012FB14994DF22B6001F0AE
:1063C0000DFB2F994DF22C6001F008FB15994DF251
:1063D0002D6001F003FB2B994DF22E6001F0FEFAC7
:1063E00016994DF22F6001F0F9FA2B994DF23060B9
:1063F00001F0F4FA17994DF2316001F0EFFA2B99A0
:106400004DF2326001F0EAFA18994DF2336001F072
:10641000E5FA1998329901F0E1FA1A981B9901F0FE
:10642000DDFA1C981D9901F0D9FA1E981F9901F008
:10643000D5FA2098319901F0D1FA2198CC2101F0B8
:10644000CDFA2298319901F0C9FA2398052101F07B
:10645000C5FA24987021269101F0C0FA2598269952
:1064600001F0BCFA2798289901F0B8FA29982B99DD
:1064700001F0B4FA2A982B9901F0B0FA2B994BF657
:10648000030001F0ABFA2C982F9901F0A7FA2D9890
:10649000319901F0A3FA2E98319901F09FFA4FF447
:1064A0004940D02101F09AFA2F994CF6011001F0E1
:1064B00095FA4CF602105021309101F08FFA309984
:1064C0004CF6031001F08AFA30994CF6041001F0F2
:1064D00085FA31994FF4545001F080FA32994FF413
:1064E000685001F07BFA4FF4885001F05DFA339860
:1064F000FDF79CFA4FF4245001F056FA34B080BDF9
:1065000080B588B0E22001F04FFA1D2001F03CFA7E
:106510000220049001F038FA0420039001F034FACC
:106520006420FDF783FAE020009001F03DFA01209D
:10653000079001F029FA0A200190FDF76DFA009802
:1065400001F032FA0320069001F01EFA0C20FDF74C
:1065500063FA079801F028FA0198FDF75DFAE62042
:1065600001F022FA2F2001F00FFAFF20029001F033
:106570000BFA029801F008FAB02001F015FA202079
:1065800001F002FA0020059001F0FEF9069801F0F2
:10659000FBF940F21F3001F0F7F9079801F0F4F928
:1065A00040F2DF1001F0F0F9059801F0EDF9B420A8
:1065B00001F0FAF9039801F0E7F940F21F4001F009
:1065C000E3F9059801F0E0F92E2001F0DDF90598D6
:1065D00001F0DAF9059801F0D7F9059801F0D4F93E
:1065E000059801F0D1F9B62001F0DEF9049801F028
:1065F000CBF94FF4037001F0C7F9059801F0C4F925
:10660000172001F0C1F9152001F0BEF9059801F03D
:10661000BBF9059801F0B8F9F02001F0C5F906982A
:1066200001F0B2F9292001F0BFF9D02001F0BCF946
:10663000059801F0A9F9BE2001F0B6F9052001F096
:10664000A3F9FE2001F0A0F9079801F09DF9059843
:1066500001F09AF9059801F097F9059801F094F97D
:10666000B82001F0A1F9069801F08EF9079801F021
:106670008BF9BA2001F098F9079801F085F908B074
:1066800080BD000080B58CB0112001F08DF978201C
:10669000FDF7C2F9362001F087F900200A9001F0D9
:1066A00073F93A2001F080F9052001F06DF9B2206C
:1066B00001F07AF90C20019001F066F9019801F0DF
:1066C00063F90A9801F060F93320009001F05CF959
:1066D000009801F059F9B72001F066F9352001F072
:1066E00053F9BB2001F060F93220029001F04CF91F
:1066F000C02001F059F9019801F046F9C22001F0DB
:1067000053F901200B9001F03FF9C32001F04CF93F
:10671000102001F039F9C42001F046F9202001F0E1
:1067200033F9C62001F040F90F2001F02DF9D020F7
:10673000039001F039F9A42001F026F9A12001F01D
:1067400023F9E02001F030F9039801F01DF90A98CF
:1067500001F01AF90220049001F016F907200590C3
:1067600001F012F90A20069001F00EF92820079096
:1067700001F00AF9029801F007F9442001F004F948
:10678000422001F001F9062001F0FEF80E200890E9
:1067900001F0FAF8122001F0F7F8142001F0F4F8F3
:1067A0001720099001F0F0F8E12001F0FDF80398BE
:1067B00001F0EAF80A9801F0E7F8049801F0E4F82B
:1067C000059801F0E1F8069801F0DEF8079801F06D
:1067D000DBF8312001F0D8F8542001F0D5F847203B
:1067E00001F0D2F8089801F0CFF81C2001F0CCF8A5
:1067F000099801F0C9F81B2001F0C6F81E2001F02D
:10680000C3F82A2001F0D0F80A9801F0BDF80A98E0
:1068100001F0BAF80A9801F0B7F8EF2001F0B4F8E7
:106820002B2001F0C1F80A9801F0AEF80A9801F0A7
:10683000ABF80B9801F0A8F83F2001F0A5F829204B
:1068400001F0B2F80CB080BD80B58CB0112001F021
:10685000ABF878200A90FDF7DFF83620059001F0BC
:10686000A3F8482001F090F83A2001F09DF8552057
:1068700001F08AF8F020099001F096F8C32001F0A9
:1068800083F8099801F090F8962001F07DF8B42083
:1068900001F08AF8012001F077F8B62001F084F8C1
:1068A0000A2001F071F8A22001F06EF8B72001F083
:1068B0007BF8C62001F068F8B92001F075F80220D5
:1068C00001F062F8E020049001F05EF8C02001F0D1
:1068D0006BF8802001F058F81620019001F054F870
:1068E000C12001F061F81920039001F04DF8C22099
:1068F00001F05AF8A72001F047F8C52001F054F83C
:10690000019801F041F8E82001F04EF8402001F034
:106910003BF88A2001F038F80020029001F034F8AA
:10692000029801F031F829200B9001F02DF803981E
:1069300001F02AF8A52001F027F8332001F024F80F
:10694000049801F031F8099801F01EF8072001F0D1
:106950001BF80D2001F018F8042001F015F80520AF
:1069600001F012F81420069001F00EF8059801F0DD
:106970000BF8542001F008F84C20079001F004F8BF
:10698000382001F001F8132000F0FEFF069800F017
:10699000FBFF2E2000F0F8FF342000F0F5FFE1208F
:1069A00001F002F8099800F0EFFF1020089000F0C5
:1069B000EBFF069800F0E8FF0E2000F0E5FF0C204A
:1069C00000F0E2FF082000F0DFFF352000F0DCFFE0
:1069D000442000F0D9FF079800F0D6FF262000F0F1
:1069E000D3FF089800F0D0FF122000F0CDFF2C203C
:1069F00000F0CAFF322000F0C7FF099800F0D4FF72
:106A00003C2000F0C1FF099800F0CEFF692000F0A3
:106A1000BBFF0A98FDF700F8212000F0C5FF0B9896
:106A200000F0C2FF0CB080BD80B5A6B0FFE7FFE765
:106A30000020129043F63000C4F20200016841F0D9
:106A400040010160006800F0400012901298FFE7DA
:106A5000FFE7FFE7FFE70020119043F63000C4F2A4
:106A60000200016841F008010160006800F00800C0
:106A700011901198FFE7FFE7FFE7FFE70020109074
:106A800043F63000C4F20200016841F008010160E1
:106A9000006800F0080010901098FFE7FFE7FFE79C
:106AA000FFE700200F9043F63000C4F202000168B7
:106AB00041F020010160006800F020000F900F9865
:106AC000FFE7FFE7FFE7FFE700200E9043F6300007
:106AD000C4F20200016841F002010160006800F0A8
:106AE00002000E900E98FFE7FFE74FF480500A90E7
:106AF00021900220229001210791239124900C20C3
:106B0000259041F60000C4F2020021A90891FAF78D
:106B10008BFB08992020219040F60040C4F202002F
:106B20000690FAF781FB06980899102209922192A3
:106B3000FAF77AFB08990A98219041F20040C4F2D2
:106B40000200FAF771FB079808994FF4004221926E
:106B5000229040F20040C4F20200FAF765FB099B64
:106B60000A9A40F2FC60C2F200000B904FF0204104
:106B7000016040F20411CAF2000141600621816007
:106B800000210C91C16043618161C16141628262F7
:106B9000C1624FF480420263416381630F221A9203
:106BA0001B913C221C922091092213921491159260
:106BB00019911AA913AAFBF7E1FE3220FCF72CFF6A
:106BC000D32000F0F1FE00F039FA40F67451C2F221
:106BD00000010D91888000F031FA0D99888000F055
:106BE0002DFA0D99888088880002888000F026FAA6
:106BF00002460D98818811438180808849F2413195
:106C0000884200F00C81FFE7042000F0CDFE00F088
:106C100015FA40F67451C2F200010591888000F027
:106C20000DFA0599888000F009FA0599888088880E
:106C30000002888000F002FA02460598818811431C
:106C40008180808848F25251884208D1FFE740F69F
:106C50007451C2F2000147F289708880FFE740F664
:106C60007450C2F20000808847F28971884200F0B7
:106C7000D580FFE7D42000F097FE00F0DFF940F662
:106C80007451C2F200010491888000F0D7F9049990
:106C9000888000F0D3F90499888088880002888071
:106CA00000F0CCF9024604988188114381808088E5
:106CB00045F21031884200F0B080FFE7D32000F0A9
:106CC00073FE00F0BBF940F67451C2F2000103916B
:106CD000888000F0B3F90399888000F0AFF9039938
:106CE000888088880002888000F0A8F9024603980E
:106CF000818811438180808847F29671884200F034
:106D00008B80FFE74FF47040552100F067FE4FF293
:106D10000100AA2100F062FE4FF20200522100F0B1
:106D20005DFE4FF20300082100F058FE4FF2040010
:106D3000012100F053FE4FF4454000F035FE00F015
:106D40007DF940F67451C2F2000102918880888872
:106D5000000288804CF2015000F026FE00F06EF92F
:106D6000029902468888104388800520FCF754FE6B
:106D70000298808845F2105188424CD0FFE7D3201A
:106D800000F012FE00F05AF940F67451C2F2000110
:106D90000191888000F052F90199888000F04EF945
:106DA0000199888088880002888000F047F90246AF
:106DB0000198818811438180808849F606018842C4
:106DC00028D0FFE7A12000F0EFFD00F037F940F6F2
:106DD0007451C2F200010091888000F02FF90099EF
:106DE000888088880002888000F028F90246009890
:106DF000818811438180808845F26171884208D181
:106E0000FFE740F67451C2F2000141F6631088803A
:106E1000FFE7FFE7FFE7FFE7FFE7FFE7FFE740F6F2
:106E20007450C2F20000808847F28971884203D111
:106E3000FFE7FFF727FC56E040F67450C2F200006F
:106E4000808849F24131884203D1FFE7FDF70EF90E
:106E500048E040F67450C2F20000808845F21031DC
:106E6000884203D1FFE7FDF7DDFB3AE040F67450BE
:106E7000C2F20000808847F29671884203D1FFE792
:106E8000FFF7E2FC2CE040F67450C2F2000080886C
:106E900045F21051884203D1FFE7FEF78DFB1EE05B
:106EA00040F67450C2F20000808849F6060188421C
:106EB00003D1FFE7FDF7FEF910E040F67450C2F28F
:106EC0000000808841F66311884206D1FFE7FFF792
:106ED00017FB642000F024FDFFE7FFE7FFE7FFE773
:106EE000FFE7FFE7FFE740F67450C2F2000080883A
:106EF00047F2897188420ED1FFE703201390159065
:106F000040F2FC61C2F2000148688A680B6B13A969
:106F1000F9F7E2FF59E040F67450C2F200008088B1
:106F200049F60601884214D0FFE740F67450C2F2D9
:106F30000000808849F2413188420AD0FFE740F6DC
:106F40007450C2F20000808845F2105188420ED180
:106F5000FFE702201390159040F2FC61C2F200019D
:106F600048688A680B6B13A9F9F7B6FF2CE040F666
:106F70007450C2F20000808845F21031884214D06B
:106F8000FFE740F67450C2F20000808847F2967125
:106F900088420AD0FFE740F67450C2F200008088B1
:106FA00041F6631188420ED1FFE70120139015903E
:106FB00040F2FC61C2F2000148688A680B6B13A9B9
:106FC000F9F78AFFFFE7FFE7FFE70020FCF796FEEF
:106FD000FFE740F20040C4F202004FF400410122FA
:106FE000FAF7FEFAFFE74FF6FF70FCF75BFE26B0FC
:106FF00080BD000081B00090FFE70098411E009125
:1070000008B1FFE7F9E701B07047000082B08DF8E2
:1070100007008DF8061001200090FFE79DF806009C
:10702000411E8DF8061030B1FFE79DF8071000985B
:1070300048430090F2E7009802B0704780B582B0F4
:107040000220FFF7D7FF8020C6F600400088ADF889
:107050000600BDF8060002B080BD000080B588B013
:107060008DF81F000020ADF81C00ADF81A0040F6A6
:107070007450C2F20000807901280AD1FFE740F67F
:107080007450C2F20000808841F66311884212D128
:10709000FFE740F67450C2F200008079002838D132
:1070A000FFE740F67450C2F20000808841F6631199
:1070B00088422ED1FFE79DF81F0001460591072861
:1070C00026D80599DFE801F004080C1014181C20DC
:1070D00006208DF81F001BE007208DF81F0017E029
:1070E00004208DF81F0013E005208DF81F000FE02D
:1070F00001208DF81F000BE000208DF81F0007E035
:1071000003208DF81F0003E002208DF81F00FFE729
:10711000FFE79DF81F0001460491072838D804991D
:10712000DFE801F004050C131A21282F30E0BDF828
:107130001C0040F08000ADF81C0029E0BDF81C00E8
:1071400040F04000ADF81C0022E0BDF81C0040F00B
:10715000C000ADF81C001BE0BDF81C0040F0200092
:10716000ADF81C0014E0BDF81C0040F06000ADF864
:107170001C000DE0BDF81C0040F0A000ADF81C00A4
:1071800006E0BDF81C0040F0E000ADF81C00FFE791
:107190003620ADF81A0040F67450C2F20000808824
:1071A00045F21051884205D1FFE74FF45850ADF831
:1071B0001A00FFE740F67450C2F20000808849F2DE
:1071C0004131884214D0FFE740F67450C2F200000B
:1071D000808847F2897188420AD0FFE740F67450F0
:1071E000C2F20000808847F29671884207D1FFE71B
:1071F000BDF81C0040F00800ADF81C00FFE7BDF82A
:107200001A00BDF81C1000F0E9FB40F67450C2F201
:107210000000808841F66311884235D0FFE7BDF851
:107220001C008006002817D5FFE740F67451C2F213
:1072300000010888498888420DDAFFE740F674515A
:10724000C2F200010888ADF8180048880880BDF82F
:1072500018004880FFE716E040F67451C2F20001C2
:107260000888498888420DDDFFE740F67451C2F274
:1072700000010888ADF8180048880880BDF818009B
:107280004880FFE7FFE7FFE740F67450C2F20000D6
:10729000808845F21051884258D1FFE740F674507B
:1072A000C2F200000390408900F07EFB00200290B3
:1072B00000F06AFB03984089013080B200F074FB53
:1072C000029800F061FB03984089023080B200F020
:1072D0006BFB039800880138C0F30F2000F054FBCB
:1072E00003984089033080B200F05EFB0398008869
:1072F0000138C0B200F048FB0398808900F054FBCD
:10730000029800F041FB03988089013080B200F0C0
:107310004BFB029800F038FB03988089023080B262
:1073200000F042FB039840880138C0F30F2000F0C2
:107330002BFB03988089033080B200F035FB039863
:1073400040880138C0B200F01FFB33E040F67450B3
:10735000C2F200000190408900F026FB002000905E
:1073600000F012FB009800F00FFB01980088013834
:10737000C0F30F2000F008FB019800880138C0B26C
:1073800000F002FB0198808900F00EFB009800F0ED
:10739000FBFA009800F0F8FA019840880138C0F331
:1073A0000F2000F0F1FA019840880138C0B200F0D7
:1073B000EBFAFFE708B080BD80B586B0ADF81600E7
:1073C000ADF8141040F67450C2F20000808841F607
:1073D0006311884261D1FFE740F67450C2F20000A9
:1073E0008079F0B9FFE740F67450C2F200000288DD
:1073F000BDF81610C9431144ADF81610408900F0CD
:10740000D3FA0020049000F0BFFA049800F0BCFA10
:107410009DF8170000F0B8FA9DF8160000F0B4FAD5
:107420001DE040F67450C2F200000390408900F065
:10743000BBFA9DF8170000F0A7FA9DF8160000F0BF
:10744000A3FA039800880138C0F30F2000F09CFADB
:10745000039800880138C0B200F096FAFFE740F6C2
:107460007450C2F200000290808900F09DFA9DF8ED
:10747000150000F089FA9DF8140000F085FA0298D2
:1074800040880138C0F30F2000F07EFA029840884F
:107490000138C0B200F078FA50E040F67450C2F201
:1074A0000000808845F21051884229D1FFE740F65C
:1074B0007450C2F200000190408900F075FA9DF806
:1074C000170000F061FA01984089013080B200F0A5
:1074D0006BFA9DF8160000F057FA0198808900F0C9
:1074E00063FA9DF8150000F04FFA01988089013089
:1074F00080B200F059FA9DF8140000F045FA1CE043
:1075000040F67450C2F200000090408900F04CFA3E
:107510009DF8170000F038FA9DF8160000F034FAD4
:107520000098808900F040FA9DF8150000F02CFAD0
:107530009DF8140000F028FAFFE7FFE706B080BDD1
:1075400010B588B08C4686460B980A99ADF81EE0B7
:10755000ADF81CC08DF81B208DF81A308DF819106D
:10756000ADF81600BDF81C00ADF8100000208DF835
:107570000F0002909DF81A10C808012202EBD102F8
:107580004B07002B18BF1046490848438DF80F00E1
:107590009DF81B0020388DF81B009DF81A000C3850
:1075A00001460191142839D80199DFE801F00B3721
:1075B0003737173737373737373721373737373791
:1075C00037372D009DF81B0000EB400149F2304099
:1075D000C0F6000000EB8100029020E09DF81B1037
:1075E00049F6A400C0F6000000EB0110029016E07E
:1075F0009DF81B0000EBC00149F69460C0F6000046
:1076000000EB810002900AE09DF81B104AF6F03072
:10761000C0F6000000EB8110029000E07BE000204B
:107620008DF81300FFE79DF813009DF80F108842B6
:1076300071DAFFE702989DF81310405C8DF8150091
:1076400000208DF81400FFE79DF8140007285BDC8C
:10765000FFE79DF815000006002809D5FFE7BDF8F3
:107660001E00BDF81C10BDF81620FCF7E9FC10E068
:107670009DF8190060B9FFE7BDF81E00BDF81C10A9
:1076800040F2F862C2F200021268FCF7D9FCFFE790
:10769000FFE79DF8150040008DF81500BDF81C00AF
:1076A0000130ADF81C00BDF81C0040F67451C2F268
:1076B00000014988884201DBFFE72CE0BDF81C008F
:1076C000BDF81010401A9DF81A10884215D1FFE736
:1076D000BDF81000ADF81C00BDF81E000130ADF87B
:1076E0001E00BDF81E0040F67451C2F20001098868
:1076F000884201DBFFE70EE006E0FFE79DF814009B
:1077000001308DF814009FE7FFE79DF8130001306A
:107710008DF8130087E708B010BD000010B588B0E1
:107720008C4686460B980A99ADF81EE0ADF81CC051
:1077300006928DF817308DF81610ADF81400002061
:107740008DF811008DF81300FFE79DF813009DF8E8
:10775000171088426CDAFFE7069803909DF817101F
:107760009DF81300C0430844C1B20A20FFF74EFC45
:1077700001460398B0FBF1F04CF6CD41CCF6CC417C
:10778000A0FB0121C90801EB8101A0EB41008DF8AC
:1077900012009DF8110048BBFFE79DF813009DF80B
:1077A00017100139884221DAFFE79DF81200C0B9AD
:1077B000FFE7BDF81E209DF8163058089DF81310FD
:1077C00010FB0120BDF81C10BDF81420EC46CCF8CD
:1077D00004200022CCF8002080B22022FFF7B0FE67
:1077E00020E001208DF81100FFE7FFE7BDF81E2023
:1077F0009DF8163058089DF8131010FB0120BDF8B5
:107800001C109DF812203032BDF814C0EE46CEF8A0
:1078100004C04FF0000CCEF800C080B2D2B2FFF727
:107820008FFEFFE79DF8130001308DF813008CE701
:1078300008B010BD10B588B08C4686460C980B99E0
:107840000A99ADF81EE0ADF81CC0ADF81A20ADF8ED
:1078500018308DF81710ADF814009DF81E008DF843
:107860001300BDF81E10BDF81A000844ADF81A0048
:10787000BDF81C10BDF818000844ADF81800FFE76B
:107880000B98017800207E29039008DCFFE70B9815
:10789000017800201F29C8BF01200390FFE703984B
:1078A000C007D0B3FFE7BDF81E00BDF81A1088422C
:1078B0000CDBFFE79DF81300ADF81E009DF81710D4
:1078C000BDF81C000844ADF81C00FFE7BDF81C0023
:1078D000BDF81810884201DBFFE71EE0BDF81E006E
:1078E000BDF81C100B9A12789DF81730BDF814C023
:1078F000EE46CEF804C04FF0000CCEF800C0FFF703
:107900001FFE9DF81710BDF81E0000EB5100ADF8EA
:107910001E000B9801300B90B2E708B010BD0000BC
:1079200080B582B08DF80700BE2000F03DF805203C
:1079300000F02AF89DF80700F8F70DFE41EC100B57
:107940009FED0F1B53EC112B51EC100BF8F722FDA0
:1079500041EC100B51EC100BF8F70EFE00F014F890
:10796000012000F011F8FF2000F00EF80020009038
:1079700000F00AF8009800F007F802B080BD00BFE0
:10798000666666666666044081B0ADF80200BDF8C2
:107990000200ADF80200BDF802008021C6F60041E9
:1079A000088001B07047000081B0ADF80200BDF85A
:1079B0000200ADF80200BDF802007E21C6F60041CB
:1079C000088001B07047000040F67450C2F2000019
:1079D00000897E21C6F600410880704781B0ADF86D
:1079E0000200ADF80010BDF802007E21C6F600418D
:1079F0000880BDF800008021C6F60041088001B073
:107A00007047000010B598B0002013901790F9F758
:107A100013FEFBF745FCFBF7CBF9FBF7A1FAFBF7ED
:107A20006DF9FBF775FAF8F7F9FEF9F731F8F9F7A0
:107A3000FFF9A820F9F784F8FEF7F6FF1398FCF792
:107A400031F901201490FCF759F9139A149B40F670
:107A50009050C2F200004FF48071FBF75DFEFFE72B
:107A600040F2DE60C2F200000078012840F06B8135
:107A7000FFE740F2DE61C2F2000100200870FBF770
:107A800053FF40F23800C2F2000012900088FBF76A
:107A9000F7F81298B0F90000F9F7B2F840F2D460A4
:107AA000C2F20000B0F90000FCF790F8014640F681
:107AB0005840C2F200000160006801282BD1FFE7A6
:107AC00040F66450C2F200000168013101600068B4
:107AD00003281FD1FFE740F23400C2F20000F9F79B
:107AE00009F8B0EE401A9FED980A80EE010A10EEF8
:107AF000100AF8F779FD41EC100B40F66040C2F235
:107B0000000080ED000B40F66451C2F2000100203D
:107B10000860FFE7FFE740F2F260C2F20000008871
:107B2000FF2820DCFFE740F2D460C2F200000088AA
:107B300040F2F261C2F200010B8840F23C02C2F254
:107B4000000222F8130040F23800C2F20000008860
:107B50000B8840F23C22C2F2000222F8130008888F
:107B60000130088044E040F2F261C2F200010020DE
:107B7000088040F23C00C2F200000C9040F68A52AD
:107B8000C2F20002109240F68453C2F200030F9337
:107B90004FF480710E91FBF757FE0C980E990F9BD6
:107BA00040F68E52C2F200021192FBF785FE0E994A
:107BB0000F9B40F23C20C2F200000D9040F688522C
:107BC000C2F20002FBF740FE0D980E990F9B40F6A3
:107BD0008C52C2F20002FBF76FFE109811990088D8
:107BE0000988401A40F68251C2F200010880FFE77E
:107BF00040F2D460C2F200000B90B0F90000FBF735
:107C000027FF68464FF6FF7484604CF2C631C0F619
:107C1000000141601023079303600A210591F022BF
:107C200006920846FFF706FE40F66040C2F20000EA
:107C300090ED000B51EC100BF8F7BDFC05990246D6
:107C400007986B465C601860202003230A93FFF7B7
:107C500065FD0598069A079B40F68851C2F200011F
:107C6000B1F9001040F68C5CC2F2000CBCF900C007
:107C7000A1EB0C0100EE101AB8EEC00AB3EE0A1A1E
:107C800080EE010A9FED311A20EE010A8DED160AF1
:107C90009DED160AB0EE001A80EE010A8DED150A70
:107CA00069468C604CF2D13CC0F6000CC1F804C0AF
:107CB0000B601E210491FFF7BDFD049907980A9BF4
:107CC0009DED160ABCEEC00A10EE102AEC46CCF868
:107CD0000440CCF8000030200890FFF71FFD059805
:107CE000069A079B69468C604CF2CB3CC0F6000CB0
:107CF000C1F804C00B6032210991FFF79BFDDDF84C
:107D00001CC0089809990A9B9DED150ABCEEC00A93
:107D100010EE102AEE46CEF80440CEF800C0FFF771
:107D2000FDFC0B9840F23802C2F20002B2F90010DA
:107D3000B2F90220B0F900304CF2B030C0F60000C9
:107D400000F06CF8FFE78BE6000034430000C84207
:107D500083B0029001910092009802990861019805
:107D6000029948600299002008600299886002998F
:107D70004FF0FF30C86003B07047000083B001903F
:107D80000198006820B9FFE74FF0FF3002901EE035
:107D900001994868896850F821000090019841686D
:107DA0008268002041F822000199886801308860CB
:107DB00001998B680A6993FBF2F000FB123088602E
:107DC000019908680138086000980290FFE702985E
:107DD00003B0704782B00190009101990868096969
:107DE000884201D1FFE716E00199C8680130C860F8
:107DF0000199CB680A6993FBF2F000FB1230C8606E
:107E00000098019A5168D26841F8220001990868E7
:107E100001300860FFE702B0704700000FB4054B67
:107E200010B503A9044A029800F0DAF810BC5DF816
:107E300014FB0000A93B00080000002002E008C875
:107E4000121F08C1002AFAD170477047002001E0D4
:107E500001C1121F002AFBD1704700002DE9FF5F0E
:107E600082B00021DDE90430020DDDF840B00343AB
:107E700018D044F61050A2F2FF3242431514119864
:107E800001281FD0A5EB0B00401C5FEA000A4FF051
:107E900000064E4FDFF83891B046504615D5CAF16E
:107EA000000413E0119801244AA3012801D16FEACC
:107EB0000B010298119AC0E90031C0E9024206B0F4
:107EC000BDE8F09FCBF10000DFE704460021404A07
:107ED000491842EB0450CDE9001012E0E00707D04A
:107EE00032463B4640464946F8F754FA80468946B2
:107EF00032463B4610461946F8F74CFA06460F46FE
:107F00006410002CEAD1DDE90401DDE90023BAF1B7
:107F1000000F06DAF8F73EFA42464B46F8F73AFA0F
:107F200005E0F8F7A9FA42464B46F8F7A5FA0446E9
:107F30000E460022284BF8F727FC03D84FF0FF30FD
:107F4000014607E00022254B20463146F8F77BF931
:107F5000F8F701FC102409E0002C0ADB0A220023B8
:107F6000F8F72EF9039B30321A55641E50EA0102CD
:107F7000F2D1641C039AC4F111031444119A012A2A
:107F800003D0012208430DD10AE0084304D00020A9
:107F90004FF0110B119072E7A3EB0B056D1E0DE076
:107FA0005B4504DD4FF0000205F1010504E003DA52
:107FB0004FF00002A5F10105002AECD002981199BA
:107FC000C0E90231C0E9004579E700000000144033
:107FD0000000F03F300000000000F0430000E03FF0
:107FE0002DE9FF4F95B09B468946064600250FE2D6
:107FF000252877D100242746F84A0121059400E07E
:10800000044316F8013F203B01FA03F01042F7D178
:1080100030782A2811D06FF02F033078A0F1300289
:10802000092A16D8059A44F0020402EB820203EBF7
:1080300042021044761C0590EFE759F8042B059294
:10804000002A03DA504244F40054059044F002043C
:10805000761C30782E2816D116F8010F44F004044F
:108060002A280DD06FF02F023078A0F13003092BB1
:1080700009D807EB870302EB4303C718761CF3E725
:1080800059F8047B761C30786C280FD006DC4C281D
:1080900017D068280DD06A2814D104E0742810D0B5
:1080A0007A280FD10DE044F400140AE044F480145F
:1080B00001E044F440147278824202D104F5801445
:1080C000761C761C307866280BD013DC582877D0C5
:1080D00009DC002875D04528F6D04628F4D047287A
:1080E0001AD19DE118E0632835D0642879D065283D
:1080F00012D195E1702873D008DC6728F1D0692887
:108100006FD06E280DD06F2806D1B5E073282CD023
:10811000752875D0782874D05A46179990476D1CE9
:1081200075E1C4F30250022809D003280DD0D9F814
:10813000001004280DD00D6009F1040967E1D9F899
:108140000010EA17C1E90052F6E7D9F800100D80D7
:10815000F2E70D70F0E719F8041B8DF8001000200D
:108160008DF80100EA46012003E059F804AB4FF016
:10817000FF3061074FF0000102D40DE008F101016A
:108180008846B9420FDA8045F8DB1AF80810002952
:10819000F4D108E008F1010188468142FADB1AF8BF
:1081A00008100029F6D105985B46A0EB0807214688
:1081B0003846179A00F094FA284400EB080507E0C7
:1081C0004DE029E10DE01AF8010B5A461799904746
:1081D000B8F10108F7D25B4621463846179A13E1F9
:1081E00042E00A220092C4F302524FF0000A022A2F
:1081F00008D059F804CB032A4FEAEC710AD00DE0FD
:1082000029E02AE009F1070121F00702F2E802C1A2
:10821000914609E00FFA8CFC4FEAEC71042A03D175
:108220004FFA8CFC4FEAEC71002907DA0A4600216C
:10823000DCF1000C61EB02012D2202E0220504D5E5
:108240002B228DF80420012203E0E20701D0202236
:10825000F7E7904659E00A2102E010220DE01021D4
:108260004FF0000A00910BE010224FF0000A44F09A
:1082700004040827009203E008224FF0000A00924D
:10828000C4F30252022A05D059F804CB0021032A74
:1082900008D009E009F1070121F00702F2E802C164
:1082A000914605E01FFA8CFC042A01D10CF0FF0C6A
:1082B0004FF00008220728D5702806D0009B83F0D5
:1082C000100353EA0A0305D00EE040228DF8042083
:1082D000012208E05CEA010206D030228DF8042079
:1082E0008DF8050002229046009B83F0080353EAB4
:1082F0000A030AD15CEA010201D1620705D53022E6
:108300008DF804204FF001087F1E582804D034A0B7
:1083100003900EA802900DE036A0F9E753466046A0
:10832000009AF7F74DFF84460398825C0298401E3E
:10833000029002705CEA0100F0D1029806A9081AC6
:1083400000F1200A600702D524F4803400E0012700
:10835000574502DDA7EB0A0000E0002000EB0A0110
:10836000009005984144401A0590E00306D45B460E
:108370002146179A059800F0B3F90544002706E056
:1083800001A85A46C05D179990476D1C7F1C474550
:10839000F6DBE0030CD55B462146179A059800F002
:1083A0009FF9054404E030205A46179990476D1C08
:1083B0000099481E00900029F5DC08E00298029917
:1083C0005A460078491C0291179990476D1CBAF1E2
:1083D0000001AAF1010AF1DC65E1000009280100B1
:1083E000303132333435363738396162636465662B
:1083F00000000000303132333435363738394142ED
:10840000434445460000000000F058F90544761C3E
:10841000307800287FF4ECAD19B02846BDE8F08F25
:10842000620700D4062709F1070222F0070CFCE8D6
:108430000223E14603F000485FEA080C02D00FF285
:10844000702C0DE05FEA045C02D50FF2682C07E0A7
:108450005FEAC47C02D00FF2602C01E0AFF2700C36
:108460004FF0FF3823F00043CDF850C065280CD002
:1084700006DC452809D046281DD047283DD13DE0DF
:10848000662818D067287ED138E00021112F01DB43
:10849000112000E0781CCDE9000106A90EA8FFF725
:1084A000DDFCDDE90F010E9A03910021009207F136
:1084B000010A04914DE04FF000400097CDE9011012
:1084C00006A90EA8FFF7CAFCDDE90F0203920E9B76
:1084D00011990022DDF80CA00093049211B9791CC7
:1084E00000EB010AB7EB0A0004D4C0F1FF3007F13A
:1084F000010A0490AAEB0700019044E0012F00DA82
:1085000001270021112F01DD112000E03846CDE9BF
:10851000000106A90EA8FFF7A1FCDDE90F010E9AE4
:108520000391002104910092BA4621070CD40399CB
:10853000514500DA8A46BAF1010F05DD009AAAF129
:108540000101515C302908D0B84202DA10F1040F61
:1085500006DA0121CDE9011015E0AAF10101E9E7F0
:10856000002805DC049901440491AAEB000102E013
:10857000411C514500DD8A460499401A401C019077
:108580004FF000400290200704D40198504501DBD1
:10859000CDF8048000208DF84F0002980DF14F07B0
:1085A000B0F1004F25D02B200E9002984FF002081A
:1085B00000280CDA404202902D200E9007E00A219C
:1085C0000298F8F724F83031029007F8011DB8F14D
:1085D0000001A8F10108F2DC02980028EFD1791E11
:1085E0000E980870307800F0200040F0450007F841
:1085F000020D12A8C01B00F107081498007800B102
:10860000012000EB0A01019801EBE071059841445B
:10861000401A401E0590E00306D45B462146179A97
:10862000059800F05DF805441498007818B15A4692
:10863000179990476D1CE00324D55B462146179A95
:10864000059800F04DF805441CE00498002807DB6D
:10865000DDE90301884203DD0098405C179901E0E1
:10866000179930205A469047049805F10105401C9F
:1086700004900198401E019004D12E205A4617996B
:1086800090476D1CBAF10001AAF1010ADDDC05E09A
:1086900017F8010B5A46179990476D1CB8F1000165
:1086A000A8F10108F4DC5B462146179A0598ABE671
:1086B0002D0000002B000000200000002DE9F041FB
:1086C000044600251E461746880404D405E03946B2
:1086D0002020B0476D1C641EF9D52846BDE8F08106
:1086E0002DE9F041044600251E469046C80301D5F9
:1086F000302700E02027880404D505E041463846AD
:10870000B0476D1C641EF9D52846BDE8F081000015
:108710000000000000000102030406070809000031
:10872000000001020304000069C936282B88B2BE8C
:1087300070610A1F813296BEB58223D44EB5A53E24
:108740005E88CCCBE0C0C33E7FE97F2F7359D33E18
:10875000D69B474EA3D8DC3EF591EC6B3B46E13E01
:108760009221BDAD58B4DF3EE0B3E0EAC0C8CF3ED1
:10877000B47708F92766CEBEB72D909D09F0EDBEFF
:108780002E52195DE7C1FBBED51B6845877D03BF2F
:1087900054955CA9843606BFA42DFFECCDDC03BF45
:1087A000EBC3774867A2F5BEED09F2AF8E0AE53E4E
:1087B0003BE3A7D619CF0A3FF4F68CDE5D0B193FD9
:1087C0004ADED842CA5B213FDD9D3969B889233F23
:1087D000210180204281213F2CB6EC022294143FDB
:1087E00043CC407BED46F0BE6769871C580722BF2B
:1087F00021EED499746B31BFD743B2D9434138BF0E
:108800003FE8854F37563BBF9A2EF5FF49C738BF23
:10881000DEB8BAD7EF1B2FBF7352929D67653FBC7E
:10882000B72062A531E7333F81C7E59A204A443F2C
:10883000196DE4D0A1A94C3FC103A39D2E4B503F1D
:10884000C611C199B7044E3F69D87171BEF2433F5A
:108850008A0CC0BE8929173F71C76BF2FEDC42BF8C
:108860001F14E167DFB654BFFF6EE137CDEA5DBF8D
:108870003D0091043F3E61BFAACC37AB183060BFCA
:108880004C927E80C6A056BF9C682397BD4737BFD9
:10889000D935788507834F3F4D8AFC6E9B22633F15
:1088A000DD4996BEDC756C3FC6FE2571D2B4703FC3
:1088B000DF10CD448F06703F65CBD8158176673FBA
:1088C000F6893D28B94F503F2E10AFD2D09557BFF3
:1088D000491AFC651B7470BFCD7E8E0CA96979BFE7
:1088E000507794FC928B7EBFA008D3AF8D0C7EBFD7
:1088F000D02A1A58FC0277BFFD32E8EB038563BF2C
:10890000F3253777C0FB5F3F403ABC2D97487B3F4C
:10891000F519E2F27523863F30AB6C63E9788B3F43
:108920007A4F3FAC32EC8B3FB0CDDF417A77863F58
:108930000BAAD620F336763FCA9252D5E6C963BF5A
:10894000119B199DFD4D87BFB5BBAB840D5194BFE5
:1089500081797534D88D9ABFB914D5E44F809CBF06
:108960002EAA56B02AAA98BF04897030C26D8CBF57
:108970005E8FEF5BC972663F1D50520B9D64993F3D
:108980003A94D760B1D2A93FD364A0E395BEB33F78
:10899000C6E979AC861CBA3FC543EF21D949BF3F30
:1089A000C066C2CF4F55C13FA917748682EBC13F45
:1089B000C066C2CF4F55C13FC543EF21D949BF3F24
:1089C000C6E979AC861CBA3FD364A0E395BEB33F39
:1089D0003A94D760B1D2A93F1D50520B9D64993F84
:1089E0005E8FEF5BC972663F04897030C26D8CBFC9
:1089F0002EAA56B02AAA98BFB914D5E44F809CBFBE
:108A000081797534D88D9ABFB5BBAB840D5194BFB5
:108A1000119B199DFD4D87BFCA9252D5E6C963BF10
:108A20000BAAD620F336763FB0CDDF417A77863F6A
:108A30007A4F3FAC32EC8B3F30AB6C63E9788B3FC5
:108A4000F519E2F27523863F403ABC2D97487B3FEB
:108A5000F3253777C0FB5F3FFD32E8EB038563BF4B
:108A6000D02A1A58FC0277BFA008D3AF8D0C7EBF66
:108A7000507794FC928B7EBFCD7E8E0CA96979BF16
:108A8000491AFC651B7470BF2E10AFD2D09557BF2A
:108A9000F6893D28B94F503F65CBD8158176673FA1
:108AA000DF10CD448F06703FC6FE2571D2B4703FF3
:108AB000DD4996BEDC756C3F4D8AFC6E9B22633FA0
:108AC000D935788507834F3F9C682397BD4737BFCB
:108AD0004C927E80C6A056BFAACC37AB183060BF80
:108AE0003D0091043F3E61BFFF6EE137CDEA5DBFBF
:108AF0001F14E167DFB654BF71C76BF2FEDC42BFE3
:108B00008A0CC0BE8929173F69D87171BEF2433FF4
:108B1000C611C199B7044E3FC103A39D2E4B503FD0
:108B2000196DE4D0A1A94C3F81C7E59A204A443F82
:108B3000B72062A531E7333F7352929D67653FBC12
:108B4000DEB8BAD7EF1B2FBF9A2EF5FF49C738BF43
:108B50003FE8854F37563BBFD743B2D9434138BF73
:108B600021EED499746B31BF6769871C580722BF07
:108B700043CC407BED46F0BE2CB6EC022294143F71
:108B8000210180204281213FDD9D3969B889233F41
:108B90004ADED842CA5B213FF4F68CDE5D0B193FFA
:108BA0003BE3A7D619CF0A3FED09F2AF8E0AE53EA7
:108BB000EBC3774867A2F5BEA42DFFECCDDC03BF65
:108BC00054955CA9843606BFD51B6845877D03BFD5
:108BD0002E52195DE7C1FBBEB72D909D09F0EDBE89
:108BE000B47708F92766CEBEE0B3E0EAC0C8CF3E4E
:108BF0009221BDAD58B4DF3EF591EC6B3B46E13EB2
:108C0000D69B474EA3D8DC3E7FE97F2F7359D33ED6
:108C10005E88CCCBE0C0C33EB58223D44EB5A53E22
:108C200070610A1F813296BE69C936282B88B2BE90
:108C30000004000200060001000500030007800098
:108C40008004800280068001800580038007400048
:108C50004004400240064001400540034007C00078
:108C6000C004C002C006C001C005C003C007200088
:108C70002004200220062001200520032007A00058
:108C8000A004A002A006A001A005A003A007600008
:108C90006004600260066001600560036007E00038
:108CA000E004E002E006E001E005E003E007100078
:108CB0001004100210061001100510031007900098
:108CC0009004900290069001900590039007500048
:108CD0005004500250065001500550035007D00078
:108CE000D004D002D006D001D005D003D007300088
:108CF0003004300230063001300530033007B00058
:108D0000B004B002B006B001B005B003B007700007
:108D10007004700270067001700570037007F00037
:108D2000F004F002F006F001F005F003F00708008F
:108D30000804080208060801080508030807880057
:108D40008804880288068801880588038807480007
:108D50004804480248064801480548034807C80037
:108D6000C804C802C806C801C805C803C807280047
:108D70002804280228062801280528032807A80017
:108D8000A804A802A806A801A805A803A8076800C7
:108D90006804680268066801680568036807E800F7
:108DA000E804E802E806E801E805E803E807180037
:108DB0001804180218061801180518031807980057
:108DC0009804980298069801980598039807580007
:108DD0005804580258065801580558035807D80037
:108DE000D804D802D806D801D805D803D807380047
:108DF0003804380238063801380538033807B80017
:108E0000B804B802B806B801B805B803B8077800C6
:108E10007804780278067801780578037807F800F6
:108E2000F804F802F806F801F805F803F80704005A
:108E30000404040204060401040504030407840076
:108E40008404840284068401840584038407440026
:108E50004404440244064401440544034407C40056
:108E6000C404C402C406C401C405C403C407240066
:108E70002404240224062401240524032407A40036
:108E8000A404A402A406A401A405A403A4076400E6
:108E90006404640264066401640564036407E40016
:108EA000E404E402E406E401E405E403E407140056
:108EB0001404140214061401140514031407940076
:108EC0009404940294069401940594039407540026
:108ED0005404540254065401540554035407D40056
:108EE000D404D402D406D401D405D403D407340066
:108EF0003404340234063401340534033407B40036
:108F0000B404B402B406B401B405B403B4077400E5
:108F10007404740274067401740574037407F40015
:108F2000F404F402F406F401F405F403F4070C006D
:108F30000C040C020C060C010C050C030C078C0035
:108F40008C048C028C068C018C058C038C074C00E5
:108F50004C044C024C064C014C054C034C07CC0015
:108F6000CC04CC02CC06CC01CC05CC03CC072C0025
:108F70002C042C022C062C012C052C032C07AC00F5
:108F8000AC04AC02AC06AC01AC05AC03AC076C00A5
:108F90006C046C026C066C016C056C036C07EC00D5
:108FA000EC04EC02EC06EC01EC05EC03EC071C0015
:108FB0001C041C021C061C011C051C031C079C0035
:108FC0009C049C029C069C019C059C039C075C00E5
:108FD0005C045C025C065C015C055C035C07DC0015
:108FE000DC04DC02DC06DC01DC05DC03DC073C0025
:108FF0003C043C023C063C013C053C033C07BC00F5
:10900000BC04BC02BC06BC01BC05BC03BC077C00A4
:109010007C047C027C067C017C057C037C07FC00D4
:10902000FC04FC02FC06FC01FC05FC03FC0702003E
:109030000204020202060201020502030207820084
:109040008204820282068201820582038207420034
:109050004204420242064201420542034207C20064
:10906000C204C202C206C201C205C203C207220074
:109070002204220222062201220522032207A20044
:10908000A204A202A206A201A205A203A2076200F4
:109090006204620262066201620562036207E20024
:1090A000E204E202E206E201E205E203E207120064
:1090B0001204120212061201120512031207920084
:1090C0009204920292069201920592039207520034
:1090D0005204520252065201520552035207D20064
:1090E000D204D202D206D201D205D203D207320074
:1090F0003204320232063201320532033207B20044
:10910000B204B202B206B201B205B203B2077200F3
:109110007204720272067201720572037207F20023
:10912000F204F202F206F201F205F203F2070A007B
:109130000A040A020A060A010A050A030A078A0043
:109140008A048A028A068A018A058A038A074A00F3
:109150004A044A024A064A014A054A034A07CA0023
:10916000CA04CA02CA06CA01CA05CA03CA072A0033
:109170002A042A022A062A012A052A032A07AA0003
:10918000AA04AA02AA06AA01AA05AA03AA076A00B3
:109190006A046A026A066A016A056A036A07EA00E3
:1091A000EA04EA02EA06EA01EA05EA03EA071A0023
:1091B0001A041A021A061A011A051A031A079A0043
:1091C0009A049A029A069A019A059A039A075A00F3
:1091D0005A045A025A065A015A055A035A07DA0023
:1091E000DA04DA02DA06DA01DA05DA03DA073A0033
:1091F0003A043A023A063A013A053A033A07BA0003
:10920000BA04BA02BA06BA01BA05BA03BA077A00B2
:109210007A047A027A067A017A057A037A07FA00E2
:10922000FA04FA02FA06FA01FA05FA03FA07060046
:109230000604060206060601060506030607860062
:109240008604860286068601860586038607460012
:109250004604460246064601460546034607C60042
:10926000C604C602C606C601C605C603C607260052
:109270002604260226062601260526032607A60022
:10928000A604A602A606A601A605A603A6076600D2
:109290006604660266066601660566036607E60002
:1092A000E604E602E606E601E605E603E607160042
:1092B0001604160216061601160516031607960062
:1092C0009604960296069601960596039607560012
:1092D0005604560256065601560556035607D60042
:1092E000D604D602D606D601D605D603D607360052
:1092F0003604360236063601360536033607B60022
:10930000B604B602B606B601B605B603B6077600D1
:109310007604760276067601760576037607F60001
:10932000F604F602F606F601F605F603F6070E0059
:109330000E040E020E060E010E050E030E078E0021
:109340008E048E028E068E018E058E038E074E00D1
:109350004E044E024E064E014E054E034E07CE0001
:10936000CE04CE02CE06CE01CE05CE03CE072E0011
:109370002E042E022E062E012E052E032E07AE00E1
:10938000AE04AE02AE06AE01AE05AE03AE076E0091
:109390006E046E026E066E016E056E036E07EE00C1
:1093A000EE04EE02EE06EE01EE05EE03EE071E0001
:1093B0001E041E021E061E011E051E031E079E0021
:1093C0009E049E029E069E019E059E039E075E00D1
:1093D0005E045E025E065E015E055E035E07DE0001
:1093E000DE04DE02DE06DE01DE05DE03DE073E0011
:1093F0003E043E023E063E013E053E033E07BE00E1
:10940000BE04BE02BE06BE01BE05BE03BE077E0090
:109410007E047E027E067E017E057E037E07FE00C0
:10942000FE04FE02FE06FE01FE05FE03FE0701002D
:10943000000000000000000000000000000000002C
:109440003F400000000000000000300040003000FD
:109450004000000009000BC03D000BC03D000900AA
:1094600018C024407FE0224031800000180024C052
:109470001B000D803240018003801C4027401C806F
:1094800007400040100060000000000000000000E5
:109490000000000000001F8020404020000040200D
:1094A00020401F8000000000090006001F80060009
:1094B00009000000040004003F80040004000000D4
:1094C0000010006000000000000000000400040024
:1094D0000400040004000000000000400000000040
:1094E00000000000002001C006003800400000001D
:1094F0001F802040204020401F80000000001040BE
:109500003FC000400000000018C02140224024401D
:109510001840000010802040244024401B800000A0
:1095200002000D0011003FC0014000003C802440BB
:1095300024402440238000001F80244024403440E5
:10954000038000003000200027C038002000000009
:109550001B802440244024401B8000001C0022C0AB
:10956000224022401F800000000000000840000050
:109570000000000000000000046000000000000087
:10958000000004000A00110020804040090009008A
:10959000090009000900000000004040208011007F
:1095A0000A000400180020002340240018000000D6
:1095B0001F802040274029401F400000004007C076
:1095C00039000F0001C0004020403FC0244024402B
:1095D0001B8000001F802040204020403080000081
:1095E00020403FC0204020401F80000020403FC05E
:1095F00024402E4030C0000020403FC024402E00B8
:10960000300000000F001080204022403380020014
:1096100020403FC0040004003FC0204020402040C4
:109620003FC02040204000000060202020203FC09C
:109630002000200020403FC024400B0030C02040CC
:1096400020403FC020400040004000C03FC03C00E0
:1096500003C03C003FC0000020403FC00C4023003E
:109660003FC020001F802040204020401F8000007D
:1096700020403FC024402400180000001F802140EB
:10968000214020E01FA0000020403FC024402600D1
:1096900019C0004018C024402440224031800000FE
:1096A000300020403FC020403000000020003F80BC
:1096B000004000403F80200020003E0001C0070025
:1096C00038002000380007C03C0007C03800000008
:1096D000204039C0060039C020400000200038403A
:1096E00007C0384020000000304021C026403840EC
:1096F00020C00000000000007FE04020402000006B
:10970000000070000C0003800040000000004020BA
:1097100040207FE00000000000002000400020000A
:1097200000000000001000100010001000100010D9
:109730000000000040000000000000000000028067
:109740000540054003C0004020003FC004400440E5
:109750000380000000000380044004400640000035
:1097600000000380044024403FC00040000003800C
:109770000540054003400000000004401FC0244095
:1097800024402000000002E005500550065004204F
:1097900020403FC00440040003C0004000000440DB
:1097A00027C000400000000000100010041027E057
:1097B0000000000020403FC00140070004C00440FA
:1097C000204020403FC000400040000007C004008F
:1097D00007C0040003C00000044007C004400400A8
:1097E00003C00040000003800440044003800000E8
:1097F000041007F0045004400380000000000380C0
:109800000440045007F00010044007C00240040068
:1098100004000000000006400540054004C00000B0
:10982000000004001F800440004000000400078086
:109830000040044007C000400400070004C001804D
:1098400006000400060001C0070001C00600000079
:10985000044006C0010006C00440000004100710C8
:1098600004E00180060004000000044005C006403A
:10987000044000000000000004007BE040200000E5
:10988000000000000000FFF0000000000000402089
:109890007BE0040000000000400080004000200049
:1098A0002000400000000000000000000000000058
:1098B000000000000000000000001FCC000C0000B1
:1098C00000000000000008003000600008003000C8
:1098D00060000000022003FC1E20022003FC1E206A
:1098E0000220000000000E1811043FFF10840C78C5
:1098F000000000000F0010840F3800C007781884A3
:109900000078000000780F8410C411240E9800E441
:1099100000840008080068007000000000000000DB
:109920000000000000000000000007E018182004FC
:1099300040020000000040022004181807E0000068
:10994000000000000240024001800FF00180024050
:10995000024000000080008000800FF8008000803E
:10996000008000000001000D000E0000000000005B
:109970000000000000000080008000800080008067
:10998000008000800000000C000C000000000000BF
:1099900000000000000000060018006001800600C2
:1099A00018002000000007F0080810041004080840
:1099B00007F000000000080408041FFC0004000475
:1099C0000000000000000E0C10141024104411843C
:1099D0000E0C000000000C18100411041104128871
:1099E0000C700000000000E00320042408241FFC89
:1099F0000024000000001F98108411041104108836
:109A000010700000000007F0088811041104188885
:109A10000070000000001C00100010FC13001C006F
:109A20001000000000000E3811441084108411440E
:109A30000E38000000000700088C1044104408880D
:109A400007F00000000000000000030C030C000001
:109A500000000000000000000001010600000000FE
:109A600000000000000000800140022004100808EF
:109A70001004000002200220022002200220022006
:109A80000220000000001004080804100220014019
:109A90000080000000000E001200100C106C1080FE
:109AA0000F00000003E00C1813E4142417C4082866
:109AB00007D000000004003C03C41C40074000E441
:109AC000001C000410041FFC1104110411040E8872
:109AD0000070000003E00C181004100410041008BB
:109AE0001C10000010041FFC1004100410040808CF
:109AF00007F0000010041FFC1104110417C4100427
:109B00000818000010041FFC1104110017C01000F9
:109B10000800000003E00C181004100410441C7826
:109B20000040000010041FFC10840080008010849E
:109B30001FFC10040000100410041FFC100410048B
:109B40000000000000030001100110011FFE1000C2
:109B50001000000010041FFC110403801464181C82
:109B60001004000010041FFC100400040004000492
:109B7000000C000010041FFC1F0000FC1F001FFC55
:109B80001004000010041FFC0C04030000E0101877
:109B90001FFC100007F00808100410041004080847
:109BA00007F0000010041FFC10841080108010804B
:109BB0000F00000007F0081810241024101C080AD9
:109BC00007F2000010041FFC1104110011C0113035
:109BD0000E0C000400000E1C1104108410841044AC
:109BE0001C3800001800100010041FFC10041000A6
:109BF0001800000010001FF81004000400041004F6
:109C00001FF8100010001E0011E0001C00701380EF
:109C10001C0010001FC0103C00E01F0000E0103CC2
:109C20001FC000001004180C163401C001C0163407
:109C3000180C100410001C00130400FC13041C007A
:109C4000100000000804101C1064108413041C048D
:109C5000101800000000000000007FFE40024002DB
:109C600040020000000030000C0003800060001C77
:109C70000003000000004002400240027FFE00009E
:109C800000000000000000002000400040004000F4
:109C9000200000000001000100010001000100019E
:109CA0000001000100004000400020000000000012
:109CB0000000000000000098012401440144014418
:109CC00000FC000410001FFC00880104010400884F
:109CD000007000000000007000880104010401040D
:109CE00000880000000000700088010401041108D1
:109CF0001FFC0004000000F8014401440144014439
:109D000000C800000000010401040FFC110411044C
:109D100011001800000000D601290129012901C9FC
:109D20000106000010041FFC008401000100010472
:109D300000FC000400000104190419FC00040004E4
:109D4000000000000000000300010101190119FEDC
:109D50000000000010041FFC0024004001B4010CAE
:109D6000010400000000100410041FFC00040004A3
:109D700000000000010401FC0104010001FC0104D9
:109D8000010000FC010401FC008401000100010449
:109D900000FC0004000000F80104010401040104B7
:109DA00000F80000010101FF0085010401040088A2
:109DB000007000000000007000880104010401052B
:109DC00001FF00010104010401FC00840104010001
:109DD00001800000000000CC0124012401240124A2
:109DE0000198000000000100010007F801040104CF
:109DF00000000000010001F8000400040004010854
:109E000001FC0004010001800170000C00100160E1
:109E10000180010001F0010C003001C00030010C94
:109E200001F0010000000104018C00740170018C3C
:109E300001040000010101810171000E00180160A0
:109E40000180010000000184010C013401440184FF
:109E5000010C0000000000000000000001003EFCBA
:109E6000400240020000000000000000FFFF000070
:109E7000000000000000400240023EFC0100000023
:109E800000000000000060008000800040004000F2
:109E90002000200000000000000000000000000082
:109EA00000000000000000000000000000000000B2
:109EB00000000000000000000000000000000000A2
:109EC000000000000000000F80380FFE380F8038BF
:109ED0000000000000000000000000000000000082
:109EE00000000100000600000C00003800003100F6
:109EF000000600000C0000380000300000000000E8
:109F00000000000061800067F807F98000618000B0
:109F100061800061800061800067F807F98000615E
:109F20008000000000000000000001C0E003E0F03D
:109F30000630080418081FFFFE040E080787F00308
:109F400081E000000000000001F000060C000404A5
:109F500008060C7001F9C0000E00003BE000EC1890
:109F6000070808040C180003E00000000001E000EE
:109F700007F003F818041C0804170807E1D003C011
:109F8000E00023B0003C08002008000010000000A2
:109F90000000000100003100003200001C00000041
:109FA00000000000000000000000000000000000B1
:109FB00000000000000000000000000000000000A1
:109FC000000000007F0001FFC00780F00C001810A7
:109FD0000004200002000000000000200002100029
:109FE000040C00180780F001FFC0007F0000000093
:109FF0000000000000000000000000000000000061
:10A000004200006600006600003C0000180003FFEC
:10A01000C0001800003C000066000066000042001E
:10A020000000000008000008000008000008000010
:10A03000080001FFC0000800000800000800000838
:10A0400000000800000000000001000031000032A4
:10A0500000001C00000000000000000000000000E4
:10A0600000000000000000000000000008000008E0
:10A0700000000800000800000800000800000800B8
:10A0800000080000080000080000000000000000B8
:10A090000000000038000038000038000000000018
:10A0A00000000000000000000000000000000000B0
:10A0B00000000000000600001C000070000180008D
:10A0C0000E0000380000C0000700001C0000300037
:10A0D00000000000000000007F8001FFE0038070AE
:10A0E0000600180400080400080600180380700128
:10A0F000FFE0007F80000000000000000000010081
:10A100000801000801000803FFF807FFF800000835
:10A11000000008000008000000000000000000012E
:10A12000C03802C05804009804011804021804043E
:10A1300018061C1803F81801E0F8000000000000E1
:10A1400000000001C0E003C0F00400080408080497
:10A15000080806180803F41801E7F00001E0000001
:10A1600000000000000000000300000D00001100CE
:10A1700000610000810803010807FFF80FFFF800E5
:10A1800001080001080000000000000000E007FCDA
:10A19000D006080806100806100806100806183829
:10A1A000060FF00607C000000000000000000000DD
:10A1B0003F8001FFE00384300208180410080410F7
:10A1C00008041008071810030FF00007C000000073
:10A1D00000000000000003C00007000006000006A9
:10A1E00000F80607F806180006E000070000060061
:10A1F0000000000000000001E1E003F7F006341069
:10A20000041808041808040C08040C08061618039F
:10A21000F3F001C1E000000000000000F80003FCC2
:10A22000300306380402080402080402080404107B
:10A230000308F001FFC0007F0000000000000000E4
:10A2400000000000000000000000000070380070F6
:10A25000380070380000000000000000000000001E
:10A2600000000000000000000000000000000000EE
:10A27000301A00301C000000000000000000000048
:10A2800000000000000000000000000800001400B2
:10A2900000220000410000808001004002002004F4
:10A2A000001008000800000000000000210000214C
:10A2B00000002100002100002100002100002100F9
:10A2C000002100002100002100000000000000002B
:10A2D0000000080008040010020020010040008077
:10A2E000800041000022000014000008000000006F
:10A2F00000000003C00004C000040000080038088B
:10A300000F380808380810000C300007E00003C0C0
:10A3100000000000000000003F8000FFE0038070AC
:10A32000020F1006708804C088048308047F880226
:10A33000C09003012000FE4000000800001800014A
:10A34000F8003E0801C20007020007E20000FE001C
:10A35000001FC80001F800003800000804000807CA
:10A36000FFF807FFF80408080408080408080408B0
:10A370000806180803F41801E7F00001E0000000E7
:10A38000000000003F8001FFE0038070020018041D
:10A3900000080400080400080400100600200780DC
:10A3A000C000000004000807FFF807FFF8040008D9
:10A3B0000400080400080400180200100380700163
:10A3C000FFE0007F8000000004000807FFF807FF9F
:10A3D000F8040808040808040808040808043E08EB
:10A3E00004000806001801006000000004000807CF
:10A3F000FFF807FFF8040808040800040800040830
:10A4000000043E000600000600000180000000007D
:10A41000000000003F8001FFE00380700600180488
:10A4200000080402080402080203F00783F0000297
:10A430000000020004000807FFF807FFF8040808FE
:10A4400000080000080000080000080004080807D1
:10A45000FFF807FFF80400080000000000000400F7
:10A460000804000804000807FFF807FFF8040008C4
:10A4700004000804000800000000000000000000C4
:10A4800000060000070000010400010400010400B0
:10A490000307FFFE07FFFC040000040000040000A7
:10A4A00004000807FFF807FFF8040C080018000074
:10A4B0003E0004C7800503C80600F8040038040005
:10A4C0001800000804000807FFF807FFF804000858
:10A4D0000000080000080000080000080000080054
:10A4E000001800006000000004000807FFF8078063
:10A4F0000807FC00007FC00003F80007C0007800D8
:10A5000007800807FFF807FFF804000804000807A1
:10A51000FFF807000803C00000E000003800001E3C
:10A52000000007000001C00400F007FFF80400006D
:10A53000000000007F8001FFE00380700600180427
:10A54000000804000806001803003001FFE0007F47
:10A550008000000004000807FFF807FFF804040863
:10A56000040400040400040400040400060C0003B6
:10A57000F80001F000000000000000007F8001FFF3
:10A58000E00380700600880400880400C806003CD0
:10A5900003003E01FFE6007F84000000040008077E
:10A5A000FFF807FFF8040808040800040C00040F73
:10A5B00000040BC00610F003F03801E008000008AA
:10A5C00000000001E0F803F0300630100418080421
:10A5D0001808040C08040C080206180207F007818A
:10A5E000E0000000018000060000040000040000FC
:10A5F00004000807FFF807FFF8040008040000043F
:10A60000000006000001800004000007FFE007FFD3
:10A61000F00400180000080000080000080000080E
:10A6200000000804001007FFE0040000040000061A
:10A63000000007E00007FE00041FE00001F8000032
:10A64000380001E0043E0007C000060000040000DE
:10A6500004000007E00007FFC0041FF80007C00760
:10A66000F80007FF80043FF80007C004F800070067
:10A670000004000000000004000806001807C0786D
:10A6800005F1C8003E00001F800463E80780F8065B
:10A690000018040008000000040000060000078005
:10A6A0000007E008047C08001FF80007F8001808FD
:10A6B00004E008070000060000040000000000019C
:10A6C00000080600380400F80403E8040F08047CBE
:10A6D0000805F00807C00807001804006000000023
:10A6E0000000000000000000000000000000003F2B
:10A6F000FFFE2000022000022000022000022000B5
:10A700000200000000000000000008000007000038
:10A7100000C0000038000006000001C0000030004A
:10A72000000E0000010000000000000000002000FA
:10A73000022000022000022000022000023FFFFE53
:10A740000000000000000000000000000000000009
:10A750000000000000080000100000300000200091
:10A7600000300000100000080000000000000000A1
:10A7700000000100000100000100000100000100D4
:10A7800000010000010000010000010000010000C4
:10A790000100000100000000000000000020000097
:10A7A0002000001000001000000000000000000069
:10A7B00000000000000000000000000000F0001990
:10A7C000F8001B18002208002608002408002410A6
:10A7D000003FF8001FF80000080000180000000407
:10A7E000000007FFF80FFFF0001818001008002005
:10A7F00008002008003018001FF0000FC000000003
:10A800000000000007C0001FF00018300020080002
:10A810002008002008003C08001C10000060000018
:10A82000000000000000000007C0001FF000381802
:10A8300000200800200800200804101007FFF80F6F
:10A84000FFF0000010000000000000000000000702
:10A85000C0001FF000123000221800220800220859
:10A86000003208001E10000E200000000000000052
:10A87000200000200800200801FFF803FFF8062050
:10A88000080420080420080720000300000000003E
:10A8900000000000000E000E6E001FF30031B1003A
:10A8A00020B10020B1003191001F13002E1E0020A6
:10A8B0000E00300000000004000807FFF80FFFF84A
:10A8C000001008002000002000002008003FF800D1
:10A8D0001FF8000008000000000000000000002039
:10A8E00008002008002008063FF8063FF80000088E
:10A8F0000000080000080000000000000000000048
:10A9000000000000030000030020010020010020DF
:10A9100003063FFE063FFC000000000000000000B0
:10A9200000000004000807FFF80FFFF8000188008E
:10A930000300002FC00038F8002038002008000075
:10A9400008000000000000000000040008040008E7
:10A9500004000807FFF80FFFF800000800000800D7
:10A960000008000000000000002008003FF8003F41
:10A97000F8001008002000003FF8003FF800100821
:10A98000002000003FF8003FF80000080000000031
:10A990002008003FF8003FF80010080010000020D9
:10A9A00000002008003FF8001FF800000800000029
:10A9B0000000000007C0000FF00018300030080051
:10A9C0002008002008003008001830000FF00007B1
:10A9D000C0000000000000002001003FFF003FFF1A
:10A9E0000010110020090020080020080030380065
:10A9F0001FF0000FC00000000000000007C0001F93
:10AA0000F00038180020080020080020090010116C
:10AA1000001FFF003FFF00000100000000200800B1
:10AA20002008002008003FF8003FF8000808001048
:10AA30000800200800200000300000300000000066
:10AA4000000000000000000C78001E180033080011
:10AA500023080021080021880021980030F00038E8
:10AA60006000000000000000200000200000200026
:10AA700000FFF003FFF80020080020080020080075
:10AA80000030000000000000000000002000003F37
:10AA9000F0007FF8000018000008000008002010F7
:10AAA000003FF8007FF000001000000000000000F0
:10AAB0002000003000003C00003F800023F0000038
:10AAC00078000070002380003C000030000020006F
:10AAD000002000003C00003FE00023F80000E00000
:10AAE0002700003E00003FE00021F80001E0003EAA
:10AAF0000000200000000000200800200800383876
:10AB0000003E680027800003C8002CF80038380099
:10AB10002018002008000000000000002000003085
:10AB200003003C01003F830023EC00007000238001
:10AB3000003C000020000020000000000000000099
:10AB400000000038080020380020F80023E8002F1B
:10AB500088003E080038080020180000700000003F
:10AB600000000000000000000000000000000000E5
:10AB700008000014001FF7FC30000620000200004F
:10AB800000000000000000000000000000000000C5
:10AB9000000000000000FFFFFF00000000000000B8
:10ABA0000000000000000000000000000000200085
:10ABB000023000061FF7FC0014000008000000002F
:10ABC000000000000000000000000000000000186D
:10ABD0000000600000400000400000200000100065
:10ABE000000800000400000400000C000010000039
:10ABF0000000000000000000000000000000000055
:10AC00000000000000000000000000000000000044
:10AC10000000000000000000000000000000000034
:10AC20000000000000000000000000000000000024
:10AC30000000000000000000000000000000000014
:10AC4000000000000000000007F000C007FFE1E086
:10AC500007F001E0000000C000000000000000005C
:10AC600000000000000000000000000000000000E4
:10AC700000000000000000000020000001C00000F3
:10AC8000078000001F0000001E0000001C200000C4
:10AC900001C00000078000001F0000001E0000002F
:10ACA0001C00000000000000000000000000000088
:10ACB0000000000000180C0000180C0000180FE045
:10ACC000001FFC0003F80C0000180C0000180C001A
:10ACD00000180C0000180C0000180FE0001FFC000A
:10ACE00003F80C0000180C0000180C000000000015
:10ACF000000000000000000000000780007807C08E
:10AD000000FC0640010E0020030700200203802003
:10AD10000FFFFFFC0201C0200200E0600130704024
:10AD200001F03F8000F01F00000000000000000064
:10AD300000FE000001FF00000301800002008060AF
:10AD4000030181C001FF070000FE18000000E000C1
:10AD50000003BF00000CFFC00071806001C1002033
:10AD6000030180600000FFC000003F000000000001
:10AD700000001F0000007FC000FCC0C001FF806019
:10AD80000303E0200202782002061E2003FC074095
:10AD900001F00380000103C000011C600001E020FD
:10ADA00000010020000100400000018000000000C0
:10ADB00000000000002000001C6000001C4000009B
:10ADC0001F8000000F0000000000000000000000D5
:10ADD0000000000000000000000000000000000073
:10ADE0000000000000000000000000000000000063
:10ADF0000000000000000000000000000000000053
:10AE00000000000000000000000000000007F80043
:10AE1000003FFF00007807C001C000E003000030E1
:10AE200004000008080000041000000200000000F8
:10AE300000000000100000020800000404000008E8
:10AE40000300003001C000E0007807C0003FFF00B1
:10AE50000007F800000000000000000000000000F3
:10AE600000000000000000000000000000000000E2
:10AE70000000000000000000000C1800000E380068
:10AE8000000E3800000630000003600000614380BF
:10AE900000FFFF80006143000003600000063000F7
:10AEA000000E3800000E3800000C180000000000F2
:10AEB0000000000000000000000080000000800092
:10AEC0000000800000008000000080000000800082
:10AED000007FFF0000008000000080000000800074
:10AEE00000008000000080000000800000000000E2
:10AEF0000000000000000001000000E3000000E28C
:10AF0000000000FC000000780000000000000000CD
:10AF10000000000000000000000000000000000031
:10AF20000000000000000000000000000000000021
:10AF30000000000000008000000080000000800091
:10AF40000000800000008000000080000000800001
:10AF500000008000000080000000800000008000F1
:10AF60000000800000008000000080000000000061
:10AF70000000000000000000000000C0000001E030
:10AF8000000001E0000000C0000000000000000020
:10AF900000000000000000000000000000000000B1
:10AFA00000000000000000000000000000000000A1
:10AFB000000000000000000C00000038000000E06D
:10AFC0000000038000000E00000038000000E000D8
:10AFD00000038000000E00000038000000E00000C8
:10AFE000038000000E0000001800000000000000B8
:10AFF0000000000000000000000FF800007FFF00CC
:10B0000000F00780018000C0030000600200002003
:10B01000020000200200002003000060018000C048
:10B0200000E00380007FFF00000FF8000000000038
:10B030000000000000000000000000000080002070
:10B0400000800020008000200080006001FFFFE001
:10B0500003FFFFE00000006000000020000000206F
:10B0600000000020000000000000000000000000C0
:10B070000000000000000000007800E0009801607F
:10B08000010002600200046002000860020010601B
:10B0900002002060020040600300806001830060C5
:10B0A00001FE00E0007C07800000000000000000BE
:10B0B000000000000000000000F0078001F007C061
:10B0C00001000040020000200201002002010020D7
:10B0D00002010020030380200186804001FCC0C0E3
:10B0E00000787F8000001E000000000000000000CB
:10B0F00000000000000008000000380000004800C8
:10B100000001880000060800000C0810003008103C
:10B110000040081001FFFFF003FFFFF003FFFFF006
:10B1200000000810000008100000081000000000D7
:10B13000000000000000000000000780001F8640A3
:10B1400003E1002003020020030400200304002088
:10B15000030400200304002003060040030301C091
:10B160000301FF8003007E000000000000000000DB
:10B1700000000000000000000007FC00003FFF008E
:10B180000070C380008180C00101006003020020C4
:10B1900002020020020200200202002002030040FE
:10B1A00001C180C000C0FF8000007E0000000000E0
:10B1B000000000000000000000F0000003C00000DC
:10B1C0000380000003000000030007E003003FE0ED
:10B1D0000301C00003060000031800000360000024
:10B1E00003800000030000000000000000000000D9
:10B1F0000000000000001F0000783F8000FC60C0DD
:10B20000018EC0400307802002030020020180203D
:10B21000020180200201C0200301E040018670C0CD
:10B2200000FC3F8000781F000000000000000000CC
:10B2300000000000003F000000FF81C001C0C1C04D
:10B2400001006020020020200200202002002020B7
:10B2500002002060020040C00100C18000C18F00D8
:10B26000007FFE00001FF000000000000000000052
:10B2700000000000000000000000000000000000CE
:10B280000000000000000000000300C0000781E093
:10B29000000781E0000300C0000000000000000083
:10B2A000000000000000000000000000000000009E
:10B2B000000000000000000000000000000000008E
:10B2C0000000000000000000000600660006007894
:10B2D000000000000000000000000000000000006E
:10B2E000000000000000000000000000000000005E
:10B2F0000000000000000000000080000001C0000D
:10B300000003600000063000000C180000180C005C
:10B31000003006000060030000C001800100004012
:10B3200002000020040000100000000000000000E7
:10B3300000000000000410000004100000041000D1
:10B3400000041000000410000004100000041000AD
:10B35000000410000004100000041000000410009D
:10B3600000041000000410000004100000000000A1
:10B370000000000000000000040000100200002097
:10B380000100004000C001800060030000300600A2
:10B3900000180C00000C18000006300000036000CC
:10B3A0000001C0000000800000000000000000005C
:10B3B00000000000000000000078000001F800001C
:10B3C0000238000002000000040000C0040079E020
:10B3D000040081E0040100C0040300000202000038
:10B3E0000306000001FC000000F80000000000005F
:10B3F00000000000000FF800003FFE000070078012
:10B4000000C000C00101F8400307FC20021E042018
:10B410000230082002203020023FFC20013F04407F
:10B4200001800CC000E03180001FC200000000005D
:10B430000000002000000060000003E000003E204B
:10B440000003E020003E200003E0200003802000F5
:10B4500007FC2000003FE0000003FE2000003FE06A
:10B46000000001E0000000200000002000000000BB
:10B4700000000000020000200200002003FFFFE0A7
:10B4800003FFFFE002010020020100200201002072
:10B4900002010020020100200303002001868060D9
:10B4A00001FCC0C000F87F8000001F000000000009
:10B4B000000000000007F800003FFF000070078058
:10B4C00000C000C001000040030000200200002076
:10B4D00002000020020000200200002001000040C5
:10B4E000018000C003C001800030060000000000A1
:10B4F00000000000020000200200002003FFFFE027
:10B5000003FFFFE0020000200200002002000020F4
:10B51000020000200300006001000040018000C024
:10B5200000F00780007FFE00000FF8000000000020
:10B5300000000000020000200200002003FFFFE0E6
:10B5400003FFFFE0020100200201002002010020B1
:10B55000020100200201002002038020020FE020EF
:10B560000300006003C000E0006003000000000072
:10B5700000000000020000200200002003FFFFE0A6
:10B5800003FFFFE002010020020100200201000091
:10B59000020100000201000002010000020380001D
:10B5A000030FE0000300000003C000000060000083
:10B5B000000000000007F800003FFE000070078058
:10B5C00001C001C001000040030000200200002073
:10B5D0000200002002000020010020200100204085
:10B5E00003C03F8000303F800000200000002000AA
:10B5F000020000200200002003FFFFE003FFFFE045
:10B6000002008020020080200000800000008000F6
:10B6100000008000020080200200802003FFFFE085
:10B6200003FFFFE0020000200200002000000000F5
:10B6300000000000000000000000000002000020E8
:10B6400002000020020000200200002003FFFFE0B3
:10B6500003FFFFE0020000200200002002000020A3
:10B6600002000020000000000000000000000000B8
:10B67000000000000000000E0000000F0000000F9E
:10B6800000000001020000010200000102000003AE
:10B690000200000603FFFFFC03FFFFF802000000AA
:10B6A0000200000002000000020000000000000094
:10B6B00000000000020000200200002003FFFFE065
:10B6C00003FFFFE00200C02002010020000780000D
:10B6D000000FE0000030F80002603E2003800F20E1
:10B6E000030003E0020000E0020000200000002050
:10B6F00000000000020000200200002003FFFFE025
:10B7000003FFFFE0020000200200002000000020F4
:10B7100000000020000000200000002000000020A9
:10B7200000000060000000E00000030000000000D6
:10B73000020000200200002003FFFFE003E00020E1
:10B7400003FF0020001FF0000001FF8000000FE059
:10B7500000001E000003E000003E002003E0002087
:10B7600003FFFFE003FFFFE00200002002000020D3
:10B77000020000200200002003FFFFE00380002001
:10B7800003F0002000FC0000001F00000007C000C4
:10B790000001F00000007C0002001F80020007E0B2
:10B7A00003FFFFE0020000000200000000000000B4
:10B7B00000000000000FF800003FFE0000F00780CE
:10B7C000018000C0010000400200002002000020B3
:10B7D000020000200200002001000040018000C0A3
:10B7E00000F00380003FFE00000FF80000000000A2
:10B7F00000000000020000200200002003FFFFE024
:10B8000003FFFFE002008020020080200200800091
:10B81000020080000200800002008000030180001E
:10B820000183000000FE0000007C0000000000001A
:10B8300000000000000FF800007FFF0000F0038010
:10B84000018001C001000640020004200200042023
:10B8500002000620020003E0010000F80180005C05
:10B8600000E0038C003FFF0C000FFC1800000000FC
:10B8700000000000020000200200002003FFFFE0A3
:10B8800003FFFFE00201002002010020020180000E
:10B890000201E0000201FC0003033F80018607E093
:10B8A00001FC00E000F80020000000200000000083
:10B8B00000000000000000000078060000FE01E02B
:10B8C000018600C003030040020300200201802023
:10B8D000020180200201C0200200C0200100E060BF
:10B8E000018070C003E03F8000001F0000000000E6
:10B8F0000000000000600000038000000300000062
:10B9000002000000020000200200002003FFFFE010
:10B9100003FFFFE002000020020000200200000000
:10B92000020000000380000000E0000000000000B2
:10B93000020000000200000003FFFF0003FFFFC041
:10B940000200004002000060000000200000002013
:10B9500000000020000000200200004002000080E3
:10B9600003FFFF00020000000200000000000000D2
:10B9700000000000020000000200000003C0000000
:10B9800003FC0000023FC0000003F80000007F80BD
:10B99000000007E000000780000078000203C000FC
:10B9A000023C000003C00000020000000200000092
:10B9B0000200000003C0000003FF8000023FFE0001
:10B9C00002007FE000000F000200F00003EF000023
:10B9D00003FF8000020FFE0000003FE000001F0098
:10B9E0000207E00003F8000003000000020000006E
:10B9F000000000000200002002000020038000E0A0
:10BA000003F0032002FC0C20021F30000007C000DE
:10BA10000007F00002187C0002601F20038003E092
:10BA2000020000E0020000200000002000000000F2
:10BA300000000000020000000300000003C000003E
:10BA400003F80000023E0020020FC0200001FFE0CA
:10BA500000007FE000038020021C00200270000034
:10BA6000038000000200000002000000000000004F
:10BA70000000000000000020006000E0038003E000
:10BA800003000FA002003E200200F8200203E02085
:10BA9000020F8020023E00200278002003E00060B8
:10BAA000038000E00200030000000000000000002E
:10BAB0000000000000000000000000000000000086
:10BAC00000000000000000001FFFFFFC1000000449
:10BAD0001000000410000004100000041000000416
:10BAE000100000041000000400000000000000002E
:10BAF000000000000000000000000000070000003F
:10BB000003C0000000780000001E00000003C00019
:10BB10000000F00000001E0000000780000000F0A0
:10BB20000000003C000000060000000000000000D3
:10BB300000000000000000001000000410000004DD
:10BB400010000004100000041000000410000004A5
:10BB5000100000041FFFFFFC0000000000000000B8
:10BB600000000000000000000000000000000000D5
:10BB700000000000000000000000000000000000C5
:10BB8000020000000400000008000000180000008F
:10BB90001000000018000000180000000400000061
:10BBA0000200000000000000000000000000000093
:10BBB0000000000100000001000000010000000181
:10BBC0000000000100000001000000010000000171
:10BBD0000000000100000001000000010000000161
:10BBE0000000000100000001000000010000000151
:10BBF0000000000000000000000000001000000035
:10BC000010000000100000001800000008000000F4
:10BC10000400000000000000000000000000000020
:10BC20000000000000000000000000000000000014
:10BC3000000000000000038000018FC000038C6042
:10BC4000000618200004102000041020000420200A
:10BC500000042040000620400003FFC00001FFE078
:10BC60000000002000000020000000C000000000D4
:10BC700000000000020000000200000003FFFFE0DF
:10BC800007FFFFC0000180C000020060000200202A
:10BC900000040020000400200004002000060040F2
:10BCA000000300C00001FF800000FE000000000053
:10BCB000000000000000000000007E000001FF8086
:10BCC000000381C0000200400006002000040020A4
:10BCD0000004002000040020000600200003C040F3
:10BCE0000001C08000000300000000000000000010
:10BCF000000000000000000000007E000001FF8046
:10BD0000000380C000060060000400200004002042
:10BD100000040020020400400202008003FFFFE054
:10BD200007FFFFC0000000400000004000000000CE
:10BD3000000000000000000000007E000001FF8005
:10BD4000000311C000021040000410600004102025
:10BD500000041020000410200006102000031040F2
:10BD60000001F0C0000071000000000000000000B1
:10BD7000000000000000000000040000000400209B
:10BD80000004002000040020007FFFE001FFFFE02E
:10BD9000010400200304002002040020020400200B
:10BDA000020400000200000001C0000001C0000009
:10BDB00000000000000000000000001C0000E33E46
:10BDC0000003FFC200020CC3000404C1000404C14C
:10BDD000000404C1000404C100060CC10003F8C340
:10BDE0000005F0620006007E0006003C0000000036
:10BDF00000000000020000200200002003FFFFE01E
:10BE000007FFFFE000010020000200200006000004
:10BE100000040000000400000004002000060020D0
:10BE20000003FFE00001FFE0000000200000002010
:10BE300000000000000000000000000000040020DE
:10BE40000004002000040020000400200387FFE01D
:10BE5000038FFFE00380002000000020000000208E
:10BE600000000020000000000000000000000000B2
:10BE700000000000000000000000000000000006BC
:10BE800000000007000000010000000100040001A4
:10BE90000004000100040003000400060387FFFC07
:10BEA000038FFFF803800000000000000000000086
:10BEB00000000000020000200200002003FFFFE05D
:10BEC00007FFFFE000000820000010200000300005
:10BED0000000FC0000058E00000707A0000601E03E
:10BEE000000400E00004002000000020000000002A
:10BEF0000000000000000000000000000200002020
:10BF000002000020020000200200002003FFFFE0EA
:10BF100007FFFFE0000000200000002000000020DC
:10BF200000000020000000000000000000000000F1
:10BF300000000000000400200007FFE0000FFFE009
:10BF40000002002000040000000400200007FFE0C1
:10BF50000003FFE0000200200004000000040020B5
:10BF60000007FFE00003FFE00000002000000000E9
:10BF70000000000000040020000400200007FFE093
:10BF8000000FFFE00001002000020020000200007E
:10BF9000000400000004000000040020000600204F
:10BFA0000003FFE00001FFE000000020000000208F
:10BFB000000000000000000000007E000000FF8084
:10BFC000000381C0000200400006002000040020A1
:10BFD00000040020000400200006002000020040B1
:10BFE000000381C00001FF8000007E00000000000F
:10BFF0000000000000040001000400010007FFFF32
:10C00000000FFFFF000100C10002004100040020FA
:10C01000000400200004002000040020000600406E
:10C02000000301C00001FF8000007E00000000004E
:10C03000000000000000000000007E000001FF8002
:10C04000000380C000020060000400200004002003
:10C05000000400200004002000020041000300C191
:10C060000003FFFF0007FFFF0000000100000001C8
:10C070000000000000040020000400200004002054
:10C0800000040020000FFFE0000FFFE00000C020D0
:10C090000001002000020020000600200004000033
:10C0A0000004000000070000000300000000000082
:10C0B0000000000000000000000003E00001C0E0FC
:10C0C0000003E04000063020000430200004182067
:10C0D000000418200004182000040C2000020C604A
:10C0E000000307C00007838000000000000000007C
:10C0F0000000000000000000000400000004000038
:10C1000000040000000C0000001FFF8000FFFFC0C3
:10C11000000400600004002000040020000400204F
:10C12000000400400000018000000000000000004A
:10C130000000000000040000000400000007FF8071
:10C14000000FFFC000000060000000200000002081
:10C1500000000020000000200004004000040080D7
:10C160000007FFE0000FFFC000000040000000409B
:10C170000000000000040000000400000007800030
:10C180000007F0000004FE0000041FC0000003E0F0
:10C190000000038000001C00000460000007800015
:10C1A0000006000000040000000000000000000085
:10C1B00000040000000600000007C0000007FC00AB
:10C1C00000043F80000003E000040F800006F00040
:10C1D0000007F0000007FF8000040FE0000003806C
:10C1E00000043C000007C00000060000000400003E
:10C1F0000000000000000020000400200004006097
:10C20000000700E0000783200007E6000004F800B4
:10C2100000003C0000045E20000587A0000601E04D
:10C220000004006000040020000000200000000066
:10C2300000000000000400000004000300070003E9
:10C240000007E0010004F80100041F02000007FCE1
:10C25000000000E000000700000438000007C000F4
:10C2600000060000000400000004000000000000C0
:10C27000000000000000000000078060000600E0F1
:10C28000000403E0000407A000040E2000043C208A
:10C29000000470200005E0200007802000070060F7
:10C2A000000400E000000380000000000000000027
:10C2B000000000000000000000000000000000007E
:10C2C00000000000000000000000000000008000EE
:10C2D000000080000001400007FE3FF80800000455
:10C2E000100000021000000200000000000000002A
:10C2F000000000000000000000000000000000003E
:10C30000000000000000000000000000000000002D
:10C31000FFFFFFFF00000000000000000000000021
:10C32000000000000000000000000000000000000D
:10C3300000000000000000001000000210000002D9
:10C340000800000407FE3FF80001400000008000E4
:10C35000000080000000000000000000000000005D
:10C3600000000000000000000000000000000000CD
:10C370000000000018000000300000004000000035
:10C3800040000000400000002000000030000000DD
:10C39000080000000400000002000000020000008D
:10C3A000020000000C000000180000000000000067
:10C3B00041203D2025642C42203D2025642C432033
:10C3C0003D2025640A0048523A2000416D703A2011
:10C3D000005670703A2000000000803F000000000E
:10C3E000ECFF7F3FD40FC93AB1FF7F3FC70F493BF6
:10C3F0004EFF7F3FC1CB963BC4FE7F3F890FC93BB9
:10C4000013FE7F3F3053FB3B39FD7F3F59CB163C3A
:10C4100039FC7F3F02ED2F3C11FB7F3F900E493CE2
:10C42000C1F97F3F0030623C4AF87F3F4B517B3C73
:10C43000ACF67F3F38398A3CE6F47F3FB6C9963C7C
:10C44000F8F27F3F1C5AA33CE3F07F3F69EAAF3C20
:10C45000A7EE7F3F9B7ABC3C43EC7F3FB00AC93CD0
:10C46000B8E97F3FA69AD53C05E77F3F7B2AE23CAF
:10C470002BE47F3F2DBAEE3C29E17F3FB949FB3CDD
:10C4800000DE7F3F90EC033DAFDA7F3F2F340A3D63
:10C4900037D77F3FB87B103D98D37F3F2CC3163DE5
:10C4A000D1CF7F3F880A1D3DE2CB7F3FCC51233D5A
:10C4B000CCC77F3FF698293D8FC37F3F07E02F3DD4
:10C4C0002ABF7F3FFC26363D9EBA7F3FD56D3C3D5F
:10C4D000EAB57F3F91B4423D0FB17F3F2FFB483D0E
:10C4E0000DAC7F3FAF414F3DE3A67F3F0E88553DEA
:10C4F00091A17F3F4CCE5B3D189C7F3F6814623D0D
:10C5000078967F3F625A683DB1907F3F38A06E3D7C
:10C51000C28A7F3FE9E5743DAB847F3F742B7B3D4E
:10C520006D7E7F3F6CB8803D08787F3F0ADB833D9E
:10C530007B717F3F94FD863DC76A7F3F0A208A3D1D
:10C54000EC637F3F6A428D3DE95C7F3FB464903D80
:10C55000BF557F3FE786933D6D4E7F3F05A9963DD2
:10C56000F4467F3F0ACB993D543F7F3FF9EC9C3D19
:10C570008D377F3FCF0EA03D9D2F7F3F8C30A33D59
:10C5800087277F3F3052A63D491F7F3FBA73A93DA1
:10C59000E4167F3F2B95AC3D580E7F3F80B6AF3DF4
:10C5A000A4057F3FBBD7B23DC9FC7E3FDAF8B53D5D
:10C5B000C7F37E3FDD19B93D9DEA7E3FC33ABC3DDE
:10C5C0004CE17E3F8D5BBF3DD4D77E3F397CC23D81
:10C5D00034CE7E3FC69CC53D6DC47E3F36BDC83D52
:10C5E0007FBA7E3F86DDCB3D69B07E3FB7FDCE3D55
:10C5F0002DA67E3FC81DD23DC99B7E3FB93DD53D8E
:10C600003D917E3F895DD83D8B867E3F377DDB3D0A
:10C61000B17B7E3FC49CDE3DB0707E3F2EBCE13DD1
:10C6200088657E3F76DBE43D385A7E3F9AFAE73DE7
:10C63000C14E7E3F9A19EB3D23437E3F7638EE3D57
:10C640005E377E3F2E57F13D722B7E3FC075F43D25
:10C650005E1F7E3F2C94F73D24137E3F73B2FA3D5C
:10C66000C2067E3F92D0FD3D38FA7D3F4577003EC1
:10C6700088ED7D3F2E06023EB1E07D3F0295033EF0
:10C68000B2D37D3FC223053E8CC67D3F6EB2063ECF
:10C6900040B97D3F0541083ECCAB7D3F86CF093E8A
:10C6A000309E7D3FF35D0B3E6E907D3F4AEC0C3E2D
:10C6B00085827D3F8B7A0E3E74747D3FB708103EB5
:10C6C0003D667D3FCC96113EDE577D3FCA24133E2A
:10C6D00059497D3FB2B2143EAC3A7D3F8340163E8D
:10C6E000D82B7D3F3DCE173EDD1C7D3FE05B193EE4
:10C6F000BC0D7D3F6BE91A3E73FE7C3FDE761C3E2F
:10C7000003EF7C3F38041E3E6CDF7C3F7B911F3E75
:10C71000AECF7C3FA51E213EC9BF7C3FB6AB223EBB
:10C72000BDAF7C3FAD38243E8A9F7C3F8CC5253E03
:10C73000318F7C3F5152273EB07E7C3FFCDE283E4D
:10C74000086E7C3F8D6B2A3E3A5D7C3F04F82B3EA1
:10C75000444C7C3F61842D3E283B7C3FA2102F3E01
:10C76000E5297C3FC99C303E7A187C3FD428323E74
:10C77000E9067C3FC4B4333E31F57B3F9840353EFB
:10C7800053E37B3F50CC363E4DD17B3FEC57383E98
:10C7900020BF7B3F6CE3393ECDAC7B3FCF6E3B3E51
:10C7A000539A7B3F15FA3C3EB2877B3F3E853E3E27
:10C7B000EA747B3F4910403EFC617B3F379B413E22
:10C7C000E74E7B3F0726433EAB3B7B3FB9B0443E41
:10C7D00048287B3F4D3B463EBE147B3FC2C5473E8B
:10C7E0000E017B3F1850493E37ED7A3F4FDA4A3E03
:10C7F0003AD97A3F67644C3E16C57A3F60EE4D3EAB
:10C80000CBB07A3F38784F3E599C7A3FF101513E88
:10C81000C1877A3F898B523E02737A3F0115543E9D
:10C820001C5E7A3F589E553E10497A3F8F27573EEF
:10C83000DD337A3FA4B0583E841E7A3F97395A3E82
:10C8400004097A3F6AC25B3E5EF3793F1A4B5D3E54
:10C8500091DD793FA8D35E3E9DC7793F135C603E72
:10C8600083B1793F5CE4613E439B793F836C633ED7
:10C87000DC84793F86F4643E4E6E793F667C663E8A
:10C880009A57793F2204683EC040793FBA8B693E8F
:10C89000BF29793F2F136B3E9812793F7F9A6C3EE8
:10C8A0004AFB783FAB216E3ED6E3783FB2A86F3E9D
:10C8B0003BCC783F942F713E7BB4783F51B6723EAB
:10C8C000939C783FE83C743E8684783F5AC3753E1B
:10C8D000526C783FA649773EF853783FCCCF783EEC
:10C8E000773B783FCB557A3ED122783FA4DB7B3E25
:10C8F000040A783F56617D3E10F1773FE1E67E3EC7
:10C90000F7D7773F2236803EB7BE773FC0F8803EEC
:10C9100051A5773F4ABB813EC58B773FC07D823EA4
:10C920001372773F2240833E3A58773F7002843E2D
:10C930003C3E773FAAC4843E1724773FCE86853E8F
:10C94000CC09773FDF48863E5BEF763FDA0A873EC9
:10C95000C4D4763FC1CC873E07BA763F938E883EDB
:10C96000249F763F5050893E1B84763FF8118A3EC3
:10C97000EC68763F8AD38A3E974D763F07958B3E8B
:10C980001B32763F6E568C3E7A16763FC0178D3E30
:10C99000B3FA753FFCD88D3EC6DE753F229A8E3EB7
:10C9A000B3C2753F325B8F3E7BA6753F2C1C903E19
:10C9B0001C8A753F10DD903E976D753FDD9D913E61
:10C9C000ED50753F945E923E1D34753F351F933E8A
:10C9D0002717753FBFDF933E0BFA743F31A0943E9B
:10C9E000C9DC743F8D60953E62BF743FD220963E95
:10C9F000D5A1743F00E1963E2284743F17A1973E73
:10CA00004966743F1661983E4B48743FFE20993E3C
:10CA1000272A743FCEE0993EDD0B743F86A09A3EF4
:10CA20006EED733F27609B3ED9CE733FAF1F9C3E98
:10CA30001FB0733F20DF9C3E3F91733F789E9D3E29
:10CA40003972733FB85D9E3E0E53733FDF1C9F3EAD
:10CA5000BE33733FEEDB9F3E4714733FE59AA03E23
:10CA6000ACF4723FC259A13EEBD4723F8718A23E8C
:10CA700004B5723F33D7A23EF894723FC595A33EEA
:10CA8000C774723F3F54A43E7054723F9F12A53E3C
:10CA9000F433723FE5D0A53E5213723F128FA63E8B
:10CAA0008CF2713F254DA73E9FD1713F1F0BA83ED1
:10CAB0008EB0713FFEC8A83E578F713FC486A93E15
:10CAC000FB6D713F6F44AA3E7A4C713F0102AB3E51
:10CAD000D42A713F77BFAB3E0809713FD47CAC3E8E
:10CAE00017E7703F153AAD3E02C5703F3CF7AD3ECB
:10CAF000C6A2703F49B4AE3E6680703F3A71AF3E09
:10CB0000E15D703F102EB03E373B703FCBEAB03E48
:10CB10006718703F6BA7B13E73F56F3FEF63B23E8E
:10CB20005AD26F3F5820B33E1BAF6F3FA5DCB33ED8
:10CB3000B88B6F3FD698B43E30686F3FEC54B53E2B
:10CB400083446F3FE610B63EB0206F3FC3CCB63E85
:10CB5000BAFC6E3F8488B73E9ED86E3F2A44B83EEA
:10CB60005DB46E3FB2FFB83EF88F6E3F1EBBB93E5C
:10CB70006D6B6E3F6E76BA3EBE466E3FA031BB3ED9
:10CB8000EB216E3FB6ECBB3EF2FC6D3FAFA7BC3E67
:10CB9000D5D76D3F8B62BD3E93B26D3F4A1DBE3E01
:10CBA0002D8D6D3FEBD7BE3EA1676D3F6F92BF3EAF
:10CBB000F2416D3FD54CC03E1D1C6D3F1E07C13E6E
:10CBC00024F66C3F48C1C13E07D06C3F557BC23E46
:10CBD000C5A96C3F4435C33E5E836C3F15EFC33E31
:10CBE000D45C6C3FC8A8C43E24366C3F5C62C53E32
:10CBF000500F6C3FD21BC63E58E86B3F29D5C63E4E
:10CC00003BC16B3F628EC73EFB996B3F7C47C83E82
:10CC100095726B3F7700C93E0C4B6B3F53B9C93ED1
:10CC20005E236B3F1072CA3E8CFB6A3FAE2ACB3E3E
:10CC300095D36A3F2CE3CB3E7BAB6A3F8B9BCC3ECC
:10CC40003C836A3FCA53CD3ED95A6A3FEA0BCE3E77
:10CC500052326A3FEAC3CE3EA7096A3FCA7BCF3E43
:10CC6000D7E0693F8A33D03EE4B7693F2AEBD03E34
:10CC7000CC8E693FAAA2D13E9165693F095AD23E46
:10CC8000323C693F4811D33EAE12693F67C8D33E7C
:10CC900007E9683F647FD43E3CBF683F4136D53EDC
:10CCA0004C95683FFDECD53E396B683F99A3D63E65
:10CCB0000341683F135AD73EA816683F6B10D83E11
:10CCC0002AEC673FA3C6D83E87C1673FB97CD93EEF
:10CCD000C196673FAD32DA3ED86B673F80E8DA3EF7
:10CCE000CA40673F319EDB3E9915673FC153DC3E2A
:10CCF00045EA663F2E09DD3ECCBE663F79BEDD3E8D
:10CD00003093663FA273DE3E7167663FA928DF3E1F
:10CD10008E3B663F8DDDDF3E880F663F4F92E03EE3
:10CD20005EE3653FEE46E13E10B7653F6AFBE13EDC
:10CD3000A08A653FC4AFE23E0B5E653FFA63E33E07
:10CD40005431653F0E18E43E7904653FFECBE43E66
:10CD50007BD7643FCB7FE53E59AA643F7533E63EFF
:10CD6000147D643FFBE6E63EAC4F643F5D9AE73ED0
:10CD70002122643F9C4DE83E73F4633FB700E93ED7
:10CD8000A1C6633FAEB3E93EAC98633F8166EA3E1D
:10CD9000956A633F3019EB3E5A3C633FBBCBEB3E99
:10CDA000FC0D633F217EEC3E7BDF623F6330ED3E56
:10CDB000D7B0623F80E2ED3E1082623F7994EE3E52
:10CDC0002653623F4C46EF3E1A24623FFBF7EF3E8C
:10CDD000EAF4613F85A9F03E98C5613FEA5AF13E09
:10CDE0002296613F290CF23E8A66613F43BDF23EC6
:10CDF000D036613F386EF33EF206613F071FF43EC6
:10CE0000F2D6603FB1CFF43ECFA6603F3580F53E0D
:10CE10008976603F9330F63E2146603FCBE0F63E98
:10CE20009615603FDC90F73EE9E45F3FC840F83E6E
:10CE300019B45F3F8EF0F83E27835F3F2DA0F93E87
:10CE400012525F3FA54FFA3EDB205F3FF7FEFA3EEE
:10CE500081EF5E3F22AEFB3E05BE5E3F275DFC3E9E
:10CE6000678C5E3F040CFD3EA65A5E3FBBBAFD3E9A
:10CE7000C3285E3F4A69FE3EBEF65D3FB217FF3EE5
:10CE800097C45D3FF3C5FF3E4D925D3F063A003FBC
:10CE9000E15F5D3FFF90003F532D5D3FE4E7003FC2
:10CEA000A3FA5C3FB53E013FD1C75C3F7395013F9C
:10CEB000DD945C3F1CEC013FC7615C3FB142023F27
:10CEC0008E2E5C3F3299023F34FB5B3F9FEF023F67
:10CED000B8C75B3FF845033F1A945B3F3D9C033F57
:10CEE0005A605B3F6DF2033F792C5B3F8948043FFA
:10CEF00075F85A3F919E043F50C45A3F84F4043F52
:10CF000009905A3F624A053FA05B5A3F2CA0053F5B
:10CF100016275A3FE2F5053F6AF2593F824B063F1A
:10CF20009CBD593F0EA1063FAD88593F86F6063F8E
:10CF30009C53593FE84B073F6A1E593F36A1073FB4
:10CF400017E9583F6FF6073FA1B3583F924B083F90
:10CF50000B7E583FA1A0083F5348583F9BF5083F20
:10CF60007912583F7F4A093F7FDC573F4E9F093F68
:10CF700063A6573F09F4093F2670573FAD480A3F63
:10CF8000C739573F3D9D0A3F4803573FB7F10A3F16
:10CF9000A7CC563F1C460B3FE595563F6B9A0B3F7F
:10CFA000025F563FA5EE0B3FFE27563FC9420C3F9E
:10CFB000D9F0553FD7960C3F93B9553FD0EA0C3F77
:10CFC0002C82553FB33E0D3FA44A553F81920D3F01
:10CFD000FB12553F38E60D3F31DB543FDA390E3F47
:10CFE00047A3543F658D0E3F3B6B543FDBE00E3F44
:10CFF0000F33543F3B340F3FC3FA533F84870F3FF7
:10D0000055C2533FB8DA0F3FC789533FD52D103F64
:10D010001851533FDC80103F4918533FCDD3103F88
:10D0200059DF523FA726113F49A6523F6B79113F66
:10D03000186D523F19CC113FC633523FB01E123FFC
:10D0400054FA513F3071123FC2C0513F9AC3123F50
:10D050001087513FEE15133F3D4D513F2A68133F56
:10D060004A13513F50BA133F37D9503F5F0C143F1A
:10D07000039F503F585E143FAF64503F39B0143F98
:10D080003B2A503F0402153FA8EF4F3FB753153FCF
:10D09000F4B44F3F54A5153F1F7A4F3FD9F6153FC3
:10D0A0002B3F4F3F4748163F17044F3F9F99163F6E
:10D0B000E4C84E3FDFEA163F908D4E3F073C173FD6
:10D0C0001C524E3F188D173F89164E3F12DE173FF8
:10D0D000D5DA4D3FF52E183F029F4D3FC07F183FD8
:10D0E00010634D3F73D0183FFD264D3F0F21193F70
:10D0F000CBEA4C3F9471193F79AE4C3F00C2193FC7
:10D1000008724C3F55121A3F78354C3F93621A3FD4
:10D11000C7F84B3FB8B21A3FF8BB4B3FC6021B3FA4
:10D12000097F4B3FBB521B3FFA414B3F99A21B3F2C
:10D13000CC044B3F5FF21B3F7FC74A3F0C421C3F72
:10D14000138A4A3FA2911C3F874C4A3F1FE11C3F74
:10D15000DC0E4A3F84301D3F12D1493FD17F1D3F35
:10D160002993493F06CF1D3F2155493F221E1E3FAF
:10D17000FA16493F266D1E3FB3D8483F12BC1E3FEA
:10D180004E9A483FE50A1F3FCA5B483F9F591F3FE1
:10D19000271D483F41A81F3F65DE473FCBF61F3F95
:10D1A000849F473F3B45203F8560473F9393203F07
:10D1B0006721473FD2E1203F2AE2463FF92F213F36
:10D1C000CEA2463F067E213F5463463FFBCB213F24
:10D1D000BB23463FD719223F03E4453F9967223FCF
:10D1E0002DA4453F43B5223F3964453FD302233F39
:10D1F0002624453F4B50233FF5E3443FA99D233F61
:10D20000A5A3443FEEEA233F3763443F1A38243F47
:10D21000AB22443F2C85243F00E2433F25D2243FEC
:10D2200038A1433F041F253F5160433FCB6B253F4F
:10D230004C1F433F77B8253F29DE423F0A05263F72
:10D24000E89C423F8451263F895B423FE39D263F55
:10D250000B1A423F2AEA263F70D8413F5636273FF5
:10D26000B796413F6882273FE154413F61CE273F57
:10D27000EC12413F401A283FDAD0403F0566283F74
:10D28000A98E403FB0B1283F5C4C403F41FD283F54
:10D29000F009403FB848293F67C73F3F1594293FF1
:10D2A000C0843F3F57DF293FFC413F3F802A2A3F50
:10D2B0001BFF3E3F8E752A3F1BBC3E3F82C02A3F6C
:10D2C000FF783E3F5B0B2B3FC5353E3F1B562B3F48
:10D2D0006EF23D3FBFA02B3FF9AE3D3F4AEB2B3FE7
:10D2E000676B3D3FB9352C3FB8273D3F0F802C3F42
:10D2F000ECE33C3F49CA2C3F03A03C3F69142D3F5F
:10D30000FC5B3C3F6F5E2D3FD9173C3F59A82D3F3A
:10D3100098D33B3F29F22D3F3B8F3B3FDE3B2E3FD7
:10D32000C14A3B3F78852E3F29063B3FF7CE2E3F33
:10D3300075C13A3F5B182F3FA47C3A3FA5612F3F50
:10D34000B7373A3FD3AA2F3FACF2393FE6F32F3F2E
:10D3500085AD393FDE3C303F4268393FBB85303FC9
:10D36000E122393F7CCE303F65DD383F2217313F27
:10D37000CB97383FAD5F313F1652383F1DA8313F44
:10D38000430C383F71F0313F55C6373FAA38323F22
:10D390004A80373FC780323F233A373FC9C8323FC0
:10D3A000DFF3363FAF10333F7FAD363F7A58333F20
:10D3B0000467363F29A0333F6C20363FBCE7333F3C
:10D3C000B8D9353F342F343FE792353F8F76343F1D
:10D3D000FB4B353FCFBD343FF304353FF304353FBE
:10D3E000CFBD343FFB4B353F8F76343FE792353F1F
:10D3F000342F343FB8D9353FBCE7333F6C20363F3C
:10D4000029A0333F0467363F7A58333F7FAD363F1C
:10D41000AF10333FDFF3363FC9C8323F233A373FBF
:10D42000C780323F4A80373FAA38323F55C6373F20
:10D4300071F0313F430C383F1DA8313F1652383F41
:10D44000AD5F313FCB97383F2217313F65DD383F25
:10D450007CCE303FE122393FBB85303F4268393FC7
:10D46000DE3C303F85AD393FE6F32F3FACF2393F2C
:10D47000D3AA2F3FB7373A3FA5612F3FA47C3A3F4D
:10D480005B182F3F75C13A3FF7CE2E3F29063B3F31
:10D4900078852E3FC14A3B3FDE3B2E3F3B8F3B3FD3
:10D4A00029F22D3F98D33B3F59A82D3FD9173C3F38
:10D4B0006F5E2D3FFC5B3C3F69142D3F03A03C3F5A
:10D4C00049CA2C3FECE33C3F0F802C3FB8273D3F3F
:10D4D000B9352C3F676B3D3F4AEB2B3FF9AE3D3FE3
:10D4E000BFA02B3F6EF23D3F1B562B3FC5353E3F45
:10D4F0005B0B2B3FFF783E3F82C02A3F1BBC3E3F69
:10D500008E752A3F1BFF3E3F802A2A3FFC413F3F4A
:10D5100057DF293FC0843F3F1594293F67C73F3FEE
:10D52000B848293FF009403F41FD283F5C4C403F4F
:10D53000B0B1283FA98E403F0566283FDAD0403F72
:10D54000401A283FEC12413F61CE273FE154413F52
:10D550006882273FB796413F5636273F70D8413FF4
:10D560002AEA263F0B1A423FE39D263F895B423F52
:10D570008451263FE89C423F0A05263F29DE423F70
:10D5800077B8253F4C1F433FCB6B253F5160433F4E
:10D59000041F253F38A1433F25D2243F00E2433FEB
:10D5A0002C85243FAB22443F1A38243F3763443F45
:10D5B000EEEA233FA5A3443FA99D233FF5E3443F63
:10D5C0004B50233F2624453FD302233F3964453F38
:10D5D00043B5223F2DA4453F9967223F03E4453FD1
:10D5E000D719223FBB23463FFBCB213F5463463F25
:10D5F000067E213FCEA2463FF92F213F2AE2463F39
:10D60000D2E1203F6721473F9393203F8560473F0A
:10D610003B45203F849F473FCBF61F3F65DE473F9A
:10D6200041A81F3F271D483F9F591F3FCA5B483FE6
:10D63000E50A1F3F4E9A483F12BC1E3FB3D8483FF1
:10D64000266D1E3FFA16493F221E1E3F2155493FB7
:10D6500006CF1D3F2993493FD17F1D3F12D1493F3E
:10D6600084301D3FDC0E4A3F1FE11C3F874C4A3F80
:10D67000A2911C3F138A4A3F0C421C3F7FC74A3F7E
:10D680005FF21B3FCC044B3F99A21B3FFA414B3F3B
:10D69000BB521B3F097F4B3FC6021B3FF8BB4B3FB2
:10D6A000B8B21A3FC7F84B3F93621A3F78354C3FE8
:10D6B00055121A3F08724C3F00C2193F79AE4C3FD9
:10D6C0009471193FCBEA4C3F0F21193FFD264D3F86
:10D6D00073D0183F10634D3FC07F183F029F4D3FEE
:10D6E000F52E183FD5DA4D3F12DE173F89164E3F13
:10D6F000188D173F1C524E3F073C173F908D4E3FF1
:10D70000DFEA163FE4C84E3F9F99163F17044F3F8C
:10D710004748163F2B3F4F3FD9F6153F1F7A4F3FE3
:10D7200054A5153FF4B44F3FB753153FA8EF4F3FF3
:10D730000402153F3B2A503F39B0143FAF64503FBD
:10D74000585E143F039F503F5F0C143F37D9503F42
:10D7500050BA133F4A13513F2A68133F3D4D513F82
:10D76000EE15133F1087513F9AC3123FC2C0513F7D
:10D770003071123F54FA513FB01E123FC633523F30
:10D7800019CC113F186D523F6B79113F49A6523F9A
:10D79000A726113F59DF523FCDD3103F4918533FC1
:10D7A000DC80103F1851533FD52D103FC789533FA0
:10D7B000B8DA0F3F55C2533F84870F3FC3FA533F38
:10D7C0003B340F3F0F33543FDBE00E3F3B6B543F86
:10D7D000658D0E3F47A3543FDA390E3F31DB543F8E
:10D7E00038E60D3FFB12553F81920D3FA44A553F4D
:10D7F000B33E0D3F2C82553FD0EA0C3F93B9553FC5
:10D80000D7960C3FD9F0553FC9420C3FFE27563FF3
:10D81000A5EE0B3F025F563F6B9A0B3FE595563FD7
:10D820001C460B3FA7CC563FB7F10A3F4803573F72
:10D830003D9D0A3FC739573FAD480A3F2670573FC5
:10D8400009F4093F63A6573F4E9F093F7FDC573FCE
:10D850007F4A093F7912583F9BF5083F5348583F8C
:10D86000A1A0083F0B7E583F924B083FA1B3583F01
:10D870006FF6073F17E9583F36A1073F6A1E593F29
:10D88000E84B073F9C53593F86F6063FAD88593F0A
:10D890000EA1063F9CBD593F824B063F6AF2593F9D
:10D8A000E2F5053F16275A3F2CA0053FA05B5A3FE3
:10D8B000624A053F09905A3F84F4043F50C45A3FDE
:10D8C000919E043F75F85A3F8948043F792C5B3F8D
:10D8D0006DF2033F5A605B3F3D9C033F1A945B3FF0
:10D8E000F845033FB8C75B3F9FEF023F34FB5B3F08
:10D8F0003299023F8E2E5C3FB142023FC7615C3FCE
:10D900001CEC013FDD945C3F7395013FD1C75C3F48
:10D91000B53E013FA3FA5C3FE4E7003F532D5D3F76
:10D92000FF90003FE15F5D3F063A003F4D925D3F53
:10D93000F3C5FF3E97C45D3FB217FF3EBEF65D3FA5
:10D940004A69FE3EC3285E3FBBBAFD3EA65A5E3F13
:10D95000040CFD3E678C5E3F275DFC3E05BE5E3FCE
:10D9600022AEFB3E81EF5E3FF7FEFA3EDB205F3FDB
:10D97000A54FFA3E12525F3F2DA0F93E27835F3F2D
:10D980008EF0F83E19B45F3FC840F83EE9E45F3FCF
:10D99000DC90F73E9615603FCBE0F63E2146603FB7
:10D9A0009330F63E8976603F3580F53ECFA6603FE6
:10D9B000B1CFF43EF2D6603F071FF43EF206613F5E
:10D9C000386EF33ED036613F43BDF23E8A66613F1A
:10D9D000290CF23E2296613FEA5AF13E98C5613F1A
:10D9E00085A9F03EEAF4613FFBF7EF3E1A24623F5F
:10D9F0004C46EF3E2653623F7994EE3E1082623FE2
:10DA000080E2ED3ED7B0623F6330ED3E7BDF623FA8
:10DA1000217EEC3EFC0D633FBBCBEB3E5A3C633FAB
:10DA20003019EB3E956A633F8166EA3EAC98633FEE
:10DA3000AEB3E93EA1C6633FB700E93E73F4633F6E
:10DA40009C4DE83E2122643F5D9AE73EAC4F643F27
:10DA5000FBE6E63E147D643F7533E63E59AA643F1B
:10DA6000CB7FE53E7BD7643FFECBE43E7904653F48
:10DA70000E18E43E5431653FFA63E33E0B5E653FAA
:10DA8000C4AFE23EA08A653F6AFBE13E10B7653F46
:10DA9000EE46E13E5EE3653F4F92E03E880F663F13
:10DAA0008DDDDF3E8E3B663FA928DF3E7167663F16
:10DAB000A273DE3E3093663F79BEDD3ECCBE663F4C
:10DAC0002E09DD3E45EA663FC153DC3E9915673FAE
:10DAD000319EDB3ECA40673F80E8DA3ED86B673F45
:10DAE000AD32DA3EC196673FB97CD93E87C1673F08
:10DAF000A3C6D83E2AEC673F6B10D83EA816683FF5
:10DB0000135AD73E0341683F99A3D63E396B683F0D
:10DB1000FDECD53E4C95683F4136D53E3CBF683F55
:10DB2000647FD43E07E9683F67C8D33EAE12693FC1
:10DB30004811D33E323C693F095AD23E9165693F54
:10DB4000AAA2D13ECC8E693F2AEBD03EE4B7693F12
:10DB50008A33D03ED7E0693FCA7BCF3EA7096A3FF0
:10DB6000EAC3CE3E52326A3FEA0BCE3ED95A6A3FF2
:10DB7000CA53CD3E3C836A3F8B9BCC3E7BAB6A3F16
:10DB80002CE3CB3E95D36A3FAE2ACB3E8CFB6A3F5B
:10DB90001072CA3E5E236B3F53B9C93E0C4B6B3FBC
:10DBA0007700C93E95726B3F7C47C83EFB996B3F3F
:10DBB000628EC73E3BC16B3F29D5C63E58E86B3FDE
:10DBC000D21BC63E500F6C3F5C62C53E24366C3F94
:10DBD000C8A8C43ED45C6C3F15EFC33E5E836C3F67
:10DBE0004435C33EC5A96C3F557BC23E07D06C3F50
:10DBF00048C1C13E24F66C3F1E07C13E1D1C6D3F4F
:10DC0000D54CC03EF2416D3F6F92BF3EA1676D3F64
:10DC1000EBD7BE3E2D8D6D3F4A1DBE3E93B26D3F8C
:10DC20008B62BD3ED5D76D3FAFA7BC3EF2FC6D3FCA
:10DC3000B6ECBB3EEB216E3FA031BB3EBE466E3F15
:10DC40006E76BA3E6D6B6E3F1EBBB93EF88F6E3F6F
:10DC5000B2FFB83E5DB46E3F2A44B83E9ED86E3FD8
:10DC60008488B73EBAFC6E3FC3CCB63EB0206F3F4F
:10DC7000E610B63E83446F3FEC54B53E30686F3FCC
:10DC8000D698B43EB88B6F3FA5DCB33E1BAF6F3F59
:10DC90005820B33E5AD26F3FEF63B23E73F56F3FE9
:10DCA0006BA7B13E6718703FCBEAB03E373B703F81
:10DCB000102EB03EE15D703F3A71AF3E6680703F1E
:10DCC00049B4AE3EC6A2703F3CF7AD3E02C5703FC0
:10DCD000153AAD3E17E7703FD47CAC3E0809713F62
:10DCE00077BFAB3ED42A713F0102AB3E7A4C713F05
:10DCF0006F44AA3EFB6D713FC486A93E578F713FAA
:10DD0000FEC8A83E8EB0713F1F0BA83E9FD1713F49
:10DD1000254DA73E8CF2713F128FA63E5213723FE3
:10DD2000E5D0A53EF433723F9F12A53E7054723F7A
:10DD30003F54A43EC774723FC595A33EF894723F0A
:10DD400033D7A23E04B5723F8718A23EEBD4723F90
:10DD5000C259A13EACF4723FE59AA03E4714733F0E
:10DD6000EEDB9F3EBE33733FDF1C9F3E0E53733F7F
:10DD7000B85D9E3E3972733F789E9D3E3F91733FE2
:10DD800020DF9C3E1FB0733FAF1F9C3ED9CE733F38
:10DD900027609B3E6EED733F86A09A3EDD0B743F7D
:10DDA000CEE0993E272A743FFE20993E4B48743FAF
:10DDB0001661983E4966743F17A1973E2284743FCE
:10DDC00000E1963ED5A1743FD220963E62BF743FDB
:10DDD0008D60953EC9DC743F31A0943E0BFA743FD0
:10DDE000BFDF933E2717753F351F933E1D34753FA8
:10DDF000945E923EED50753FDD9D913E976D753F6F
:10DE000010DD903E1C8A753F2C1C903E7BA6753F12
:10DE1000325B8F3EB3C2753F229A8E3EC6DE753F9F
:10DE2000FCD88D3EB3FA753FC0178D3E7A16763F0B
:10DE30006E568C3E1B32763F07958B3E974D763F54
:10DE40008AD38A3EEC68763FF8118A3E1B84763F7F
:10DE50005050893E249F763F938E883E07BA763F86
:10DE6000C1CC873EC4D4763FDA0A873E5BEF763F6B
:10DE7000DF48863ECC09773FCE86853E1724773F24
:10DE8000AAC4843E3C3E773F7002843E3A58773FB6
:10DE90002240833E1372773FC07D823EC58B773F21
:10DEA0004ABB813E51A5773FC0F8803EB7BE773F61
:10DEB0002236803EF7D7773FE1E67E3E10F1773F8E
:10DEC00056617D3E040A783FA4DB7B3ED122783F39
:10DED000CB557A3E773B783FCCCF783EF853783FAE
:10DEE000A649773E526C783F5AC3753E8684783F88
:10DEF000E83C743E939C783F51B6723E7BB4783FC9
:10DF0000942F713E3BCC783FB2A86F3ED6E3783F6A
:10DF1000AB216E3E4AFB783F7F9A6C3E9812793F68
:10DF20002F136B3EBF29793FBA8B693EC040793FC2
:10DF30002204683E9A57793F667C663E4E6E793F72
:10DF400086F4643EDC84793F836C633E439B793F77
:10DF50005CE4613E83B1793F135C603E9DC7793FCD
:10DF6000A8D35E3E91DD793F1A4B5D3E5EF3793F6B
:10DF70006AC25B3E04097A3F97395A3E841E7A3F53
:10DF8000A4B0583EDD337A3F8F27573E10497A3F81
:10DF9000589E553E1C5E7A3F0115543E02737A3FEF
:10DFA000898B523EC1877A3FF101513E599C7A3F9D
:10DFB00038784F3ECBB07A3F60EE4D3E16C57A3F83
:10DFC00067644C3E3AD97A3F4FDA4A3E37ED7A3FA2
:10DFD0001850493E0E017B3FC2C5473EBE147B3FF1
:10DFE0004D3B463E48287B3FB9B0443EAB3B7B3F70
:10DFF0000726433EE74E7B3F379B413EFC617B3F1C
:10E000004910403EEA747B3F3E853E3EB2877B3FEF
:10E0100015FA3C3E539A7B3FCF6E3B3ECDAC7B3FE7
:10E020006CE3393E20BF7B3FEC57383E4DD17B3F00
:10E0300050CC363E53E37B3F9840353E31F57B3F35
:10E04000C4B4333EE9067C3FD428323E7A187C3F84
:10E05000C99C303EE5297C3FA2102F3E283B7C3FE7
:10E0600061842D3E444C7C3F04F82B3E3A5D7C3F5E
:10E070008D6B2A3E086E7C3FFCDE283EB07E7C3FE6
:10E080005152273E318F7C3F8CC5253E8A9F7C3F75
:10E09000AD38243EBDAF7C3FB6AB223EC9BF7C3F0E
:10E0A000A51E213EAECF7C3F7B911F3E6CDF7C3FA7
:10E0B00038041E3E03EF7C3FDE761C3E73FE7C3F41
:10E0C0006BE91A3EBC0D7D3FE05B193EDD1C7D3FD8
:10E0D0003DCE173ED82B7D3F8340163EAC3A7D3F68
:10E0E000B2B2143E59497D3FCA24133EDE577D3FEC
:10E0F000CC96113E3D667D3FB708103E74747D3F5F
:10E100008B7A0E3E85827D3F4AEC0C3E6E907D3FC1
:10E11000F35D0B3E309E7D3F86CF093ECCAB7D3F0D
:10E120000541083E40B97D3F6EB2063E8CC67D3F3C
:10E13000C223053EB2D37D3F0295033EB1E07D3F51
:10E140002E06023E88ED7D3F4577003E38FA7D3F42
:10E1500092D0FD3DC2067E3F73B2FA3D24137E3F4E
:10E160002C94F73D5E1F7E3FC075F43D722B7E3FC1
:10E170002E57F13D5E377E3F7638EE3D23437E3F9E
:10E180009A19EB3DC14E7E3F9AFAE73D385A7E3FE1
:10E1900076DBE43D88657E3F2EBCE13DB0707E3F7E
:10E1A000C49CDE3DB17B7E3F377DDB3D8B867E3F71
:10E1B000895DD83D3D917E3FB93DD53DC99B7E3FB0
:10E1C000C81DD23D2DA67E3FB7FDCE3D69B07E3F36
:10E1D00086DDCB3D7FBA7E3F36BDC83D6DC47E3FF8
:10E1E000C69CC53D34CE7E3F397CC23DD4D77E3FF0
:10E1F0008D5BBF3D4CE17E3FC33ABC3D9DEA7E3F17
:10E20000DD19B93DC7F37E3FDAF8B53DC9FC7E3F65
:10E21000BBD7B23DA4057F3F80B6AF3D580E7F3FD0
:10E220002B95AC3DE4167F3FBA73A93D491F7F3F54
:10E230003052A63D87277F3F8C30A33D9D2F7F3FE7
:10E24000CF0EA03D8D377F3FF9EC9C3D543F7F3F83
:10E250000ACB993DF4467F3F05A9963D6D4E7F3F21
:10E26000E786933DBF557F3FB464903DE95C7F3FB7
:10E270006A428D3DEC637F3F0A208A3DC76A7F3F3B
:10E2800094FD863D7B717F3F0ADB833D08787F3FAD
:10E290006CB8803D6D7E7F3F742B7B3DAB847F3FB0
:10E2A000E9E5743DC28A7F3F38A06E3DB1907F3F63
:10E2B000625A683D78967F3F6814623D189C7F3FA4
:10E2C0004CCE5B3D91A17F3F0E88553DE3A67F3F3D
:10E2D000AF414F3D0DAC7F3F2FFB483D0FB17F3F1E
:10E2E00091B4423DEAB57F3FD56D3C3D9EBA7F3F3C
:10E2F000FC26363D2ABF7F3F07E02F3D8FC37F3F7F
:10E30000F698293DCCC77F3FCC51233DE2CB7F3FE0
:10E31000880A1D3DD1CF7F3F2CC3163D98D37F3F48
:10E32000B87B103D37D77F3F2F340A3DAFDA7F3FB0
:10E3300090EC033D00DE7F3FB949FB3C29E17F3F84
:10E340002DBAEE3C2BE47F3F7B2AE23C05E77F3F82
:10E35000A69AD53CB8E97F3FB00AC93C43EC7F3F61
:10E360009B7ABC3CA7EE7F3F69EAAF3CE3F07F3F7E
:10E370001C5AA33CF8F27F3FB6C9963CE6F47F3FB7
:10E3800038398A3CACF67F3F4B517B3C4AF87F3FA3
:10E390000030623CC1F97F3F900E493C11FB7F3F4A
:10E3A00002ED2F3C39FC7F3F59CB163C39FD7F3FB6
:10E3B0003053FB3B13FE7F3F890FC93BC4FE7F3FB9
:10E3C000C1CB963B4EFF7F3FC70F493BB1FF7F3F1D
:10E3D000D40FC93AECFF7F3F000000000000803FEF
:10E3E000D40FC9BAECFF7F3FC70F49BBB1FF7F3FD6
:10E3F000C1CB96BB4EFF7F3F890FC9BBC4FE7F3F99
:10E400003053FBBB13FE7F3F59CB16BC39FD7F3F1A
:10E4100002ED2FBC39FC7F3F900E49BC11FB7F3FC2
:10E42000003062BCC1F97F3F4B517BBC4AF87F3F53
:10E4300038398ABCACF67F3FB6C996BCE6F47F3F5C
:10E440001C5AA3BCF8F27F3F69EAAFBCE3F07F3F00
:10E450009B7ABCBCA7EE7F3FB00AC9BC43EC7F3FB0
:10E46000A69AD5BCB8E97F3F7B2AE2BC05E77F3F8F
:10E470002DBAEEBC2BE47F3FB949FBBC29E17F3FBD
:10E4800090EC03BD00DE7F3F2F340ABDAFDA7F3F43
:10E49000B87B10BD37D77F3F2CC316BD98D37F3FC5
:10E4A000880A1DBDD1CF7F3FCC5123BDE2CB7F3F3A
:10E4B000F69829BDCCC77F3F07E02FBD8FC37F3FB4
:10E4C000FC2636BD2ABF7F3FD56D3CBD9EBA7F3F3F
:10E4D00091B442BDEAB57F3F2FFB48BD0FB17F3FEE
:10E4E000AF414FBD0DAC7F3F0E8855BDE3A67F3FCA
:10E4F0004CCE5BBD91A17F3F681462BD189C7F3FED
:10E50000625A68BD78967F3F38A06EBDB1907F3F5C
:10E51000E9E574BDC28A7F3F742B7BBDAB847F3F2E
:10E520006CB880BD6D7E7F3F0ADB83BD08787F3F7E
:10E5300094FD86BD7B717F3F0A208ABDC76A7F3FFD
:10E540006A428DBDEC637F3FB46490BDE95C7F3F60
:10E55000E78693BDBF557F3F05A996BD6D4E7F3FB2
:10E560000ACB99BDF4467F3FF9EC9CBD543F7F3FF9
:10E57000CF0EA0BD8D377F3F8C30A3BD9D2F7F3F39
:10E580003052A6BD87277F3FBA73A9BD491F7F3F81
:10E590002B95ACBDE4167F3F80B6AFBD580E7F3FD4
:10E5A000BBD7B2BDA4057F3FDAF8B5BDC9FC7E3F3D
:10E5B000DD19B9BDC7F37E3FC33ABCBD9DEA7E3FBE
:10E5C0008D5BBFBD4CE17E3F397CC2BDD4D77E3F61
:10E5D000C69CC5BD34CE7E3F36BDC8BD6DC47E3F32
:10E5E00086DDCBBD7FBA7E3FB7FDCEBD69B07E3F35
:10E5F000C81DD2BD2DA67E3FB93DD5BDC99B7E3F6E
:10E60000895DD8BD3D917E3F377DDBBD8B867E3FEA
:10E61000C49CDEBDB17B7E3F2EBCE1BDB0707E3FB1
:10E6200076DBE4BD88657E3F9AFAE7BD385A7E3FC7
:10E630009A19EBBDC14E7E3F7638EEBD23437E3F37
:10E640002E57F1BD5E377E3FC075F4BD722B7E3F05
:10E650002C94F7BD5E1F7E3F73B2FABD24137E3F3C
:10E6600092D0FDBDC2067E3F457700BE38FA7D3FA1
:10E670002E0602BE88ED7D3F029503BEB1E07D3FD0
:10E68000C22305BEB2D37D3F6EB206BE8CC67D3FAF
:10E69000054108BE40B97D3F86CF09BECCAB7D3F6A
:10E6A000F35D0BBE309E7D3F4AEC0CBE6E907D3F0D
:10E6B0008B7A0EBE85827D3FB70810BE74747D3F95
:10E6C000CC9611BE3D667D3FCA2413BEDE577D3F0A
:10E6D000B2B214BE59497D3F834016BEAC3A7D3F6D
:10E6E0003DCE17BED82B7D3FE05B19BEDD1C7D3FC4
:10E6F0006BE91ABEBC0D7D3FDE761CBE73FE7C3F0F
:10E7000038041EBE03EF7C3F7B911FBE6CDF7C3F55
:10E71000A51E21BEAECF7C3FB6AB22BEC9BF7C3F9B
:10E72000AD3824BEBDAF7C3F8CC525BE8A9F7C3FE3
:10E73000515227BE318F7C3FFCDE28BEB07E7C3F2D
:10E740008D6B2ABE086E7C3F04F82BBE3A5D7C3F81
:10E7500061842DBE444C7C3FA2102FBE283B7C3FE1
:10E76000C99C30BEE5297C3FD42832BE7A187C3F54
:10E77000C4B433BEE9067C3F984035BE31F57B3FDB
:10E7800050CC36BE53E37B3FEC5738BE4DD17B3F78
:10E790006CE339BE20BF7B3FCF6E3BBECDAC7B3F31
:10E7A00015FA3CBE539A7B3F3E853EBEB2877B3F07
:10E7B000491040BEEA747B3F379B41BEFC617B3F02
:10E7C000072643BEE74E7B3FB9B044BEAB3B7B3F21
:10E7D0004D3B46BE48287B3FC2C547BEBE147B3F6B
:10E7E000185049BE0E017B3F4FDA4ABE37ED7A3FE3
:10E7F00067644CBE3AD97A3F60EE4DBE16C57A3F8B
:10E8000038784FBECBB07A3FF10151BE599C7A3F68
:10E81000898B52BEC1877A3F011554BE02737A3F7D
:10E82000589E55BE1C5E7A3F8F2757BE10497A3FCF
:10E83000A4B058BEDD337A3F97395ABE841E7A3F62
:10E840006AC25BBE04097A3F1A4B5DBE5EF3793F34
:10E85000A8D35EBE91DD793F135C60BE9DC7793F52
:10E860005CE461BE83B1793F836C63BE439B793FB7
:10E8700086F464BEDC84793F667C66BE4E6E793F6A
:10E88000220468BE9A57793FBA8B69BEC040793F6F
:10E890002F136BBEBF29793F7F9A6CBE9812793FC8
:10E8A000AB216EBE4AFB783FB2A86FBED6E3783F7D
:10E8B000942F71BE3BCC783F51B672BE7BB4783F8B
:10E8C000E83C74BE939C783F5AC375BE8684783FFB
:10E8D000A64977BE526C783FCCCF78BEF853783FCC
:10E8E000CB557ABE773B783FA4DB7BBED122783F05
:10E8F00056617DBE040A783FE1E67EBE10F1773FA7
:10E90000223680BEF7D7773FC0F880BEB7BE773FCC
:10E910004ABB81BE51A5773FC07D82BEC58B773F84
:10E92000224083BE1372773F700284BE3A58773F0D
:10E93000AAC484BE3C3E773FCE8685BE1724773F6F
:10E94000DF4886BECC09773FDA0A87BE5BEF763FA9
:10E95000C1CC87BEC4D4763F938E88BE07BA763FBB
:10E96000505089BE249F763FF8118ABE1B84763FA3
:10E970008AD38ABEEC68763F07958BBE974D763F6B
:10E980006E568CBE1B32763FC0178DBE7A16763F10
:10E99000FCD88DBEB3FA753F229A8EBEC6DE753F97
:10E9A000325B8FBEB3C2753F2C1C90BE7BA6753FF9
:10E9B00010DD90BE1C8A753FDD9D91BE976D753F41
:10E9C000945E92BEED50753F351F93BE1D34753F6A
:10E9D000BFDF93BE2717753F31A094BE0BFA743F7B
:10E9E0008D6095BEC9DC743FD22096BE62BF743F75
:10E9F00000E196BED5A1743F17A197BE2284743F53
:10EA0000166198BE4966743FFE2099BE4B48743F1C
:10EA1000CEE099BE272A743F86A09ABEDD0B743FD4
:10EA200027609BBE6EED733FAF1F9CBED9CE733F78
:10EA300020DF9CBE1FB0733F789E9DBE3F91733F09
:10EA4000B85D9EBE3972733FDF1C9FBE0E53733F8D
:10EA5000EEDB9FBEBE33733FE59AA0BE4714733F03
:10EA6000C259A1BEACF4723F8718A2BEEBD4723F6C
:10EA700033D7A2BE04B5723FC595A3BEF894723FCA
:10EA80003F54A4BEC774723F9F12A5BE7054723F1C
:10EA9000E5D0A5BEF433723F128FA6BE5213723F6B
:10EAA000254DA7BE8CF2713F1F0BA8BE9FD1713FB1
:10EAB000FEC8A8BE8EB0713FC486A9BE578F713FF5
:10EAC0006F44AABEFB6D713F0102ABBE7A4C713F31
:10EAD00077BFABBED42A713FD47CACBE0809713F6E
:10EAE000153AADBE17E7703F3CF7ADBE02C5703FAB
:10EAF00049B4AEBEC6A2703F3A71AFBE6680703FE9
:10EB0000102EB0BEE15D703FCBEAB0BE373B703F28
:10EB10006BA7B1BE6718703FEF63B2BE73F56F3F6E
:10EB20005820B3BE5AD26F3FA5DCB3BE1BAF6F3FB8
:10EB3000D698B4BEB88B6F3FEC54B5BE30686F3F0B
:10EB4000E610B6BE83446F3FC3CCB6BEB0206F3F65
:10EB50008488B7BEBAFC6E3F2A44B8BE9ED86E3FCA
:10EB6000B2FFB8BE5DB46E3F1EBBB9BEF88F6E3F3C
:10EB70006E76BABE6D6B6E3FA031BBBEBE466E3FB9
:10EB8000B6ECBBBEEB216E3FAFA7BCBEF2FC6D3F47
:10EB90008B62BDBED5D76D3F4A1DBEBE93B26D3FE1
:10EBA000EBD7BEBE2D8D6D3F6F92BFBEA1676D3F8F
:10EBB000D54CC0BEF2416D3F1E07C1BE1D1C6D3F4E
:10EBC00048C1C1BE24F66C3F557BC2BE07D06C3F26
:10EBD0004435C3BEC5A96C3F15EFC3BE5E836C3F11
:10EBE000C8A8C4BED45C6C3F5C62C5BE24366C3F12
:10EBF000D21BC6BE500F6C3F29D5C6BE58E86B3F2E
:10EC0000628EC7BE3BC16B3F7C47C8BEFB996B3F62
:10EC10007700C9BE95726B3F53B9C9BE0C4B6B3FB1
:10EC20001072CABE5E236B3FAE2ACBBE8CFB6A3F1E
:10EC30002CE3CBBE95D36A3F8B9BCCBE7BAB6A3FAC
:10EC4000CA53CDBE3C836A3FEA0BCEBED95A6A3F57
:10EC5000EAC3CEBE52326A3FCA7BCFBEA7096A3F23
:10EC60008A33D0BED7E0693F2AEBD0BEE4B7693F14
:10EC7000AAA2D1BECC8E693F095AD2BE9165693F26
:10EC80004811D3BE323C693F67C8D3BEAE12693F5C
:10EC9000647FD4BE07E9683F4136D5BE3CBF683FBC
:10ECA000FDECD5BE4C95683F99A3D6BE396B683F45
:10ECB000135AD7BE0341683F6B10D8BEA816683FF1
:10ECC000A3C6D8BE2AEC673FB97CD9BE87C1673FCF
:10ECD000AD32DABEC196673F80E8DABED86B673FD7
:10ECE000319EDBBECA40673FC153DCBE9915673F0A
:10ECF0002E09DDBE45EA663F79BEDDBECCBE663F6D
:10ED0000A273DEBE3093663FA928DFBE7167663FFF
:10ED10008DDDDFBE8E3B663F4F92E0BE880F663FC3
:10ED2000EE46E1BE5EE3653F6AFBE1BE10B7653FBC
:10ED3000C4AFE2BEA08A653FFA63E3BE0B5E653FE7
:10ED40000E18E4BE5431653FFECBE4BE7904653F46
:10ED5000CB7FE5BE7BD7643F7533E6BE59AA643FDF
:10ED6000FBE6E6BE147D643F5D9AE7BEAC4F643FB0
:10ED70009C4DE8BE2122643FB700E9BE73F4633FB7
:10ED8000AEB3E9BEA1C6633F8166EABEAC98633FFD
:10ED90003019EBBE956A633FBBCBEBBE5A3C633F79
:10EDA000217EECBEFC0D633F6330EDBE7BDF623F36
:10EDB00080E2EDBED7B0623F7994EEBE1082623F32
:10EDC0004C46EFBE2653623FFBF7EFBE1A24623F6C
:10EDD00085A9F0BEEAF4613FEA5AF1BE98C5613FE9
:10EDE000290CF2BE2296613F43BDF2BE8A66613FA6
:10EDF000386EF3BED036613F071FF4BEF206613FA6
:10EE0000B1CFF4BEF2D6603F3580F5BECFA6603FED
:10EE10009330F6BE8976603FCBE0F6BE2146603F78
:10EE2000DC90F7BE9615603FC840F8BEE9E45F3F4E
:10EE30008EF0F8BE19B45F3F2DA0F9BE27835F3F67
:10EE4000A54FFABE12525F3FF7FEFABEDB205F3FCE
:10EE500022AEFBBE81EF5E3F275DFCBE05BE5E3F7E
:10EE6000040CFDBE678C5E3FBBBAFDBEA65A5E3F7A
:10EE70004A69FEBEC3285E3FB217FFBEBEF65D3FC5
:10EE8000F3C5FFBE97C45D3F063A00BF4D925D3F9C
:10EE9000FF9000BFE15F5D3FE4E700BF532D5D3FA2
:10EEA000B53E01BFA3FA5C3F739501BFD1C75C3F7C
:10EEB0001CEC01BFDD945C3FB14202BFC7615C3F07
:10EEC000329902BF8E2E5C3F9FEF02BF34FB5B3F47
:10EED000F84503BFB8C75B3F3D9C03BF1A945B3F37
:10EEE0006DF203BF5A605B3F894804BF792C5B3FDA
:10EEF000919E04BF75F85A3F84F404BF50C45A3F32
:10EF0000624A05BF09905A3F2CA005BFA05B5A3F3B
:10EF1000E2F505BF16275A3F824B06BF6AF2593FFA
:10EF20000EA106BF9CBD593F86F606BFAD88593F6E
:10EF3000E84B07BF9C53593F36A107BF6A1E593F94
:10EF40006FF607BF17E9583F924B08BFA1B3583F70
:10EF5000A1A008BF0B7E583F9BF508BF5348583F00
:10EF60007F4A09BF7912583F4E9F09BF7FDC573F48
:10EF700009F409BF63A6573FAD480ABF2670573F43
:10EF80003D9D0ABFC739573FB7F10ABF4803573FF6
:10EF90001C460BBFA7CC563F6B9A0BBFE595563F5F
:10EFA000A5EE0BBF025F563FC9420CBFFE27563F7E
:10EFB000D7960CBFD9F0553FD0EA0CBF93B9553F57
:10EFC000B33E0DBF2C82553F81920DBFA44A553FE1
:10EFD00038E60DBFFB12553FDA390EBF31DB543F27
:10EFE000658D0EBF47A3543FDBE00EBF3B6B543F24
:10EFF0003B340FBF0F33543F84870FBFC3FA533FD7
:10F00000B8DA0FBF55C2533FD52D10BFC789533F44
:10F01000DC8010BF1851533FCDD310BF4918533F68
:10F02000A72611BF59DF523F6B7911BF49A6523F46
:10F0300019CC11BF186D523FB01E12BFC633523FDC
:10F04000307112BF54FA513F9AC312BFC2C0513F30
:10F05000EE1513BF1087513F2A6813BF3D4D513F36
:10F0600050BA13BF4A13513F5F0C14BF37D9503FFA
:10F07000585E14BF039F503F39B014BFAF64503F78
:10F08000040215BF3B2A503FB75315BFA8EF4F3FAF
:10F0900054A515BFF4B44F3FD9F615BF1F7A4F3FA3
:10F0A000474816BF2B3F4F3F9F9916BF17044F3F4E
:10F0B000DFEA16BFE4C84E3F073C17BF908D4E3FB6
:10F0C000188D17BF1C524E3F12DE17BF89164E3FD8
:10F0D000F52E18BFD5DA4D3FC07F18BF029F4D3FB8
:10F0E00073D018BF10634D3F0F2119BFFD264D3F50
:10F0F000947119BFCBEA4C3F00C219BF79AE4C3FA7
:10F1000055121ABF08724C3F93621ABF78354C3FB4
:10F11000B8B21ABFC7F84B3FC6021BBFF8BB4B3F84
:10F12000BB521BBF097F4B3F99A21BBFFA414B3F0C
:10F130005FF21BBFCC044B3F0C421CBF7FC74A3F52
:10F14000A2911CBF138A4A3F1FE11CBF874C4A3F54
:10F1500084301DBFDC0E4A3FD17F1DBF12D1493F15
:10F1600006CF1DBF2993493F221E1EBF2155493F8F
:10F17000266D1EBFFA16493F12BC1EBFB3D8483FCA
:10F18000E50A1FBF4E9A483F9F591FBFCA5B483FC1
:10F1900041A81FBF271D483FCBF61FBF65DE473F75
:10F1A0003B4520BF849F473F939320BF8560473FE7
:10F1B000D2E120BF6721473FF92F21BF2AE2463F16
:10F1C000067E21BFCEA2463FFBCB21BF5463463F04
:10F1D000D71922BFBB23463F996722BF03E4453FAF
:10F1E00043B522BF2DA4453FD30223BF3964453F19
:10F1F0004B5023BF2624453FA99D23BFF5E3443F41
:10F20000EEEA23BFA5A3443F1A3824BF3763443F27
:10F210002C8524BFAB22443F25D224BF00E2433FCC
:10F22000041F25BF38A1433FCB6B25BF5160433F2F
:10F2300077B825BF4C1F433F0A0526BF29DE423F52
:10F24000845126BFE89C423FE39D26BF895B423F35
:10F250002AEA26BF0B1A423F563627BF70D8413FD5
:10F26000688227BFB796413F61CE27BFE154413F37
:10F27000401A28BFEC12413F056628BFDAD0403F54
:10F28000B0B128BFA98E403F41FD28BF5C4C403F34
:10F29000B84829BFF009403F159429BF67C73F3FD1
:10F2A00057DF29BFC0843F3F802A2ABFFC413F3F30
:10F2B0008E752ABF1BFF3E3F82C02ABF1BBC3E3F4C
:10F2C0005B0B2BBFFF783E3F1B562BBFC5353E3F28
:10F2D000BFA02BBF6EF23D3F4AEB2BBFF9AE3D3FC7
:10F2E000B9352CBF676B3D3F0F802CBFB8273D3F22
:10F2F00049CA2CBFECE33C3F69142DBF03A03C3F3F
:10F300006F5E2DBFFC5B3C3F59A82DBFD9173C3F1A
:10F3100029F22DBF98D33B3FDE3B2EBF3B8F3B3FB7
:10F3200078852EBFC14A3B3FF7CE2EBF29063B3F13
:10F330005B182FBF75C13A3FA5612FBFA47C3A3F30
:10F34000D3AA2FBFB7373A3FE6F32FBFACF2393F0E
:10F35000DE3C30BF85AD393FBB8530BF4268393FA9
:10F360007CCE30BFE122393F221731BF65DD383F07
:10F37000AD5F31BFCB97383F1DA831BF1652383F24
:10F3800071F031BF430C383FAA3832BF55C6373F02
:10F39000C78032BF4A80373FC9C832BF233A373FA0
:10F3A000AF1033BFDFF3363F7A5833BF7FAD363F00
:10F3B00029A033BF0467363FBCE733BF6C20363F1C
:10F3C000342F34BFB8D9353F8F7634BFE792353FFD
:10F3D000CFBD34BFFB4B353FF30435BFF304353F9E
:10F3E000FB4B35BFCFBD343FE79235BF8F76343FFF
:10F3F000B8D935BF342F343F6C2036BFBCE7333F1C
:10F40000046736BF29A0333F7FAD36BF7A58333FFC
:10F41000DFF336BFAF10333F233A37BFC9C8323F9F
:10F420004A8037BFC780323F55C637BFAA38323F00
:10F43000430C38BF71F0313F165238BF1DA8313F21
:10F44000CB9738BFAD5F313F65DD38BF2217313F05
:10F45000E12239BF7CCE303F426839BFBB85303FA7
:10F4600085AD39BFDE3C303FACF239BFE6F32F3F0C
:10F47000B7373ABFD3AA2F3FA47C3ABFA5612F3F2D
:10F4800075C13ABF5B182F3F29063BBFF7CE2E3F11
:10F49000C14A3BBF78852E3F3B8F3BBFDE3B2E3FB3
:10F4A00098D33BBF29F22D3FD9173CBF59A82D3F18
:10F4B000FC5B3CBF6F5E2D3F03A03CBF69142D3F3A
:10F4C000ECE33CBF49CA2C3FB8273DBF0F802C3F1F
:10F4D000676B3DBFB9352C3FF9AE3DBF4AEB2B3FC3
:10F4E0006EF23DBFBFA02B3FC5353EBF1B562B3F25
:10F4F000FF783EBF5B0B2B3F1BBC3EBF82C02A3F49
:10F500001BFF3EBF8E752A3FFC413FBF802A2A3F2A
:10F51000C0843FBF57DF293F67C73FBF1594293FCE
:10F52000F00940BFB848293F5C4C40BF41FD283F2F
:10F53000A98E40BFB0B1283FDAD040BF0566283F52
:10F54000EC1241BF401A283FE15441BF61CE273F32
:10F55000B79641BF6882273F70D841BF5636273FD4
:10F560000B1A42BF2AEA263F895B42BFE39D263F32
:10F57000E89C42BF8451263F29DE42BF0A05263F50
:10F580004C1F43BF77B8253F516043BFCB6B253F2E
:10F5900038A143BF041F253F00E243BF25D2243FCB
:10F5A000AB2244BF2C85243F376344BF1A38243F25
:10F5B000A5A344BFEEEA233FF5E344BFA99D233F43
:10F5C000262445BF4B50233F396445BFD302233F18
:10F5D0002DA445BF43B5223F03E445BF9967223FB1
:10F5E000BB2346BFD719223F546346BFFBCB213F05
:10F5F000CEA246BF067E213F2AE246BFF92F213F19
:10F60000672147BFD2E1203F856047BF9393203FEA
:10F61000849F47BF3B45203F65DE47BFCBF61F3F7A
:10F62000271D48BF41A81F3FCA5B48BF9F591F3FC6
:10F630004E9A48BFE50A1F3FB3D848BF12BC1E3FD1
:10F64000FA1649BF266D1E3F215549BF221E1E3F97
:10F65000299349BF06CF1D3F12D149BFD17F1D3F1E
:10F66000DC0E4ABF84301D3F874C4ABF1FE11C3F60
:10F67000138A4ABFA2911C3F7FC74ABF0C421C3F5E
:10F68000CC044BBF5FF21B3FFA414BBF99A21B3F1B
:10F69000097F4BBFBB521B3FF8BB4BBFC6021B3F92
:10F6A000C7F84BBFB8B21A3F78354CBF93621A3FC8
:10F6B00008724CBF55121A3F79AE4CBF00C2193FB9
:10F6C000CBEA4CBF9471193FFD264DBF0F21193F66
:10F6D00010634DBF73D0183F029F4DBFC07F183FCE
:10F6E000D5DA4DBFF52E183F89164EBF12DE173FF3
:10F6F0001C524EBF188D173F908D4EBF073C173FD1
:10F70000E4C84EBFDFEA163F17044FBF9F99163F6C
:10F710002B3F4FBF4748163F1F7A4FBFD9F6153FC3
:10F72000F4B44FBF54A5153FA8EF4FBFB753153FD3
:10F730003B2A50BF0402153FAF6450BF39B0143F9D
:10F74000039F50BF585E143F37D950BF5F0C143F22
:10F750004A1351BF50BA133F3D4D51BF2A68133F62
:10F76000108751BFEE15133FC2C051BF9AC3123F5D
:10F7700054FA51BF3071123FC63352BFB01E123F10
:10F78000186D52BF19CC113F49A652BF6B79113F7A
:10F7900059DF52BFA726113F491853BFCDD3103FA1
:10F7A000185153BFDC80103FC78953BFD52D103F80
:10F7B00055C253BFB8DA0F3FC3FA53BF84870F3F18
:10F7C0000F3354BF3B340F3F3B6B54BFDBE00E3F66
:10F7D00047A354BF658D0E3F31DB54BFDA390E3F6E
:10F7E000FB1255BF38E60D3FA44A55BF81920D3F2D
:10F7F0002C8255BFB33E0D3F93B955BFD0EA0C3FA5
:10F80000D9F055BFD7960C3FFE2756BFC9420C3FD3
:10F81000025F56BFA5EE0B3FE59556BF6B9A0B3FB7
:10F82000A7CC56BF1C460B3F480357BFB7F10A3F52
:10F83000C73957BF3D9D0A3F267057BFAD480A3FA5
:10F8400063A657BF09F4093F7FDC57BF4E9F093FAE
:10F85000791258BF7F4A093F534858BF9BF5083F6C
:10F860000B7E58BFA1A0083FA1B358BF924B083FE1
:10F8700017E958BF6FF6073F6A1E59BF36A1073F09
:10F880009C5359BFE84B073FAD8859BF86F6063FEA
:10F890009CBD59BF0EA1063F6AF259BF824B063F7D
:10F8A00016275ABFE2F5053FA05B5ABF2CA0053FC3
:10F8B00009905ABF624A053F50C45ABF84F4043FBE
:10F8C00075F85ABF919E043F792C5BBF8948043F6D
:10F8D0005A605BBF6DF2033F1A945BBF3D9C033FD0
:10F8E000B8C75BBFF845033F34FB5BBF9FEF023FE8
:10F8F0008E2E5CBF3299023FC7615CBFB142023FAE
:10F90000DD945CBF1CEC013FD1C75CBF7395013F28
:10F91000A3FA5CBFB53E013F532D5DBFE4E7003F56
:10F92000E15F5DBFFF90003F4D925DBF063A003F33
:10F9300097C45DBFF3C5FF3EBEF65DBFB217FF3E85
:10F94000C3285EBF4A69FE3EA65A5EBFBBBAFD3EF3
:10F95000678C5EBF040CFD3E05BE5EBF275DFC3EAE
:10F9600081EF5EBF22AEFB3EDB205FBFF7FEFA3EBB
:10F9700012525FBFA54FFA3E27835FBF2DA0F93E0D
:10F9800019B45FBF8EF0F83EE9E45FBFC840F83EAF
:10F99000961560BFDC90F73E214660BFCBE0F63E97
:10F9A000897660BF9330F63ECFA660BF3580F53EC6
:10F9B000F2D660BFB1CFF43EF20661BF071FF43E3E
:10F9C000D03661BF386EF33E8A6661BF43BDF23EFA
:10F9D000229661BF290CF23E98C561BFEA5AF13EFA
:10F9E000EAF461BF85A9F03E1A2462BFFBF7EF3E3F
:10F9F000265362BF4C46EF3E108262BF7994EE3EC2
:10FA0000D7B062BF80E2ED3E7BDF62BF6330ED3E88
:10FA1000FC0D63BF217EEC3E5A3C63BFBBCBEB3E8B
:10FA2000956A63BF3019EB3EAC9863BF8166EA3ECE
:10FA3000A1C663BFAEB3E93E73F463BFB700E93E4E
:10FA4000212264BF9C4DE83EAC4F64BF5D9AE73E07
:10FA5000147D64BFFBE6E63E59AA64BF7533E63EFB
:10FA60007BD764BFCB7FE53E790465BFFECBE43E28
:10FA7000543165BF0E18E43E0B5E65BFFA63E33E8A
:10FA8000A08A65BFC4AFE23E10B765BF6AFBE13E26
:10FA90005EE365BFEE46E13E880F66BF4F92E03EF3
:10FAA0008E3B66BF8DDDDF3E716766BFA928DF3EF6
:10FAB000309366BFA273DE3ECCBE66BF79BEDD3E2C
:10FAC00045EA66BF2E09DD3E991567BFC153DC3E8E
:10FAD000CA4067BF319EDB3ED86B67BF80E8DA3E25
:10FAE000C19667BFAD32DA3E87C167BFB97CD93EE8
:10FAF0002AEC67BFA3C6D83EA81668BF6B10D83ED5
:10FB0000034168BF135AD73E396B68BF99A3D63EED
:10FB10004C9568BFFDECD53E3CBF68BF4136D53E35
:10FB200007E968BF647FD43EAE1269BF67C8D33EA1
:10FB3000323C69BF4811D33E916569BF095AD23E34
:10FB4000CC8E69BFAAA2D13EE4B769BF2AEBD03EF2
:10FB5000D7E069BF8A33D03EA7096ABFCA7BCF3ED0
:10FB600052326ABFEAC3CE3ED95A6ABFEA0BCE3ED2
:10FB70003C836ABFCA53CD3E7BAB6ABF8B9BCC3EF6
:10FB800095D36ABF2CE3CB3E8CFB6ABFAE2ACB3E3B
:10FB90005E236BBF1072CA3E0C4B6BBF53B9C93E9C
:10FBA00095726BBF7700C93EFB996BBF7C47C83E1F
:10FBB0003BC16BBF628EC73E58E86BBF29D5C63EBE
:10FBC000500F6CBFD21BC63E24366CBF5C62C53E74
:10FBD000D45C6CBFC8A8C43E5E836CBF15EFC33E47
:10FBE000C5A96CBF4435C33E07D06CBF557BC23E30
:10FBF00024F66CBF48C1C13E1D1C6DBF1E07C13E2F
:10FC0000F2416DBFD54CC03EA1676DBF6F92BF3E44
:10FC10002D8D6DBFEBD7BE3E93B26DBF4A1DBE3E6C
:10FC2000D5D76DBF8B62BD3EF2FC6DBFAFA7BC3EAA
:10FC3000EB216EBFB6ECBB3EBE466EBFA031BB3EF5
:10FC40006D6B6EBF6E76BA3EF88F6EBF1EBBB93E4F
:10FC50005DB46EBFB2FFB83E9ED86EBF2A44B83EB8
:10FC6000BAFC6EBF8488B73EB0206FBFC3CCB63E2F
:10FC700083446FBFE610B63E30686FBFEC54B53EAC
:10FC8000B88B6FBFD698B43E1BAF6FBFA5DCB33E39
:10FC90005AD26FBF5820B33E73F56FBFEF63B23EC9
:10FCA000671870BF6BA7B13E373B70BFCBEAB03E61
:10FCB000E15D70BF102EB03E668070BF3A71AF3EFE
:10FCC000C6A270BF49B4AE3E02C570BF3CF7AD3EA0
:10FCD00017E770BF153AAD3E080971BFD47CAC3E42
:10FCE000D42A71BF77BFAB3E7A4C71BF0102AB3EE5
:10FCF000FB6D71BF6F44AA3E578F71BFC486A93E8A
:10FD00008EB071BFFEC8A83E9FD171BF1F0BA83E29
:10FD10008CF271BF254DA73E521372BF128FA63EC3
:10FD2000F43372BFE5D0A53E705472BF9F12A53E5A
:10FD3000C77472BF3F54A43EF89472BFC595A33EEA
:10FD400004B572BF33D7A23EEBD472BF8718A23E70
:10FD5000ACF472BFC259A13E471473BFE59AA03EEE
:10FD6000BE3373BFEEDB9F3E0E5373BFDF1C9F3E5F
:10FD7000397273BFB85D9E3E3F9173BF789E9D3EC2
:10FD80001FB073BF20DF9C3ED9CE73BFAF1F9C3E18
:10FD90006EED73BF27609B3EDD0B74BF86A09A3E5D
:10FDA000272A74BFCEE0993E4B4874BFFE20993E8F
:10FDB000496674BF1661983E228474BF17A1973EAE
:10FDC000D5A174BF00E1963E62BF74BFD220963EBB
:10FDD000C9DC74BF8D60953E0BFA74BF31A0943EB0
:10FDE000271775BFBFDF933E1D3475BF351F933E88
:10FDF000ED5075BF945E923E976D75BFDD9D913E4F
:10FE00001C8A75BF10DD903E7BA675BF2C1C903EF2
:10FE1000B3C275BF325B8F3EC6DE75BF229A8E3E7F
:10FE2000B3FA75BFFCD88D3E7A1676BFC0178D3EEB
:10FE30001B3276BF6E568C3E974D76BF07958B3E34
:10FE4000EC6876BF8AD38A3E1B8476BFF8118A3E5F
:10FE5000249F76BF5050893E07BA76BF938E883E66
:10FE6000C4D476BFC1CC873E5BEF76BFDA0A873E4B
:10FE7000CC0977BFDF48863E172477BFCE86853E04
:10FE80003C3E77BFAAC4843E3A5877BF7002843E96
:10FE9000137277BF2240833EC58B77BFC07D823E01
:10FEA00051A577BF4ABB813EB7BE77BFC0F8803E41
:10FEB000F7D777BF2236803E10F177BFE1E67E3E6E
:10FEC000040A78BF56617D3ED12278BFA4DB7B3E19
:10FED000773B78BFCB557A3EF85378BFCCCF783E8E
:10FEE000526C78BFA649773E868478BF5AC3753E68
:10FEF000939C78BFE83C743E7BB478BF51B6723EA9
:10FF00003BCC78BF942F713ED6E378BFB2A86F3E4A
:10FF10004AFB78BFAB216E3E981279BF7F9A6C3E48
:10FF2000BF2979BF2F136B3EC04079BFBA8B693EA2
:10FF30009A5779BF2204683E4E6E79BF667C663E52
:10FF4000DC8479BF86F4643E439B79BF836C633E57
:10FF500083B179BF5CE4613E9DC779BF135C603EAD
:10FF600091DD79BFA8D35E3E5EF379BF1A4B5D3E4B
:10FF700004097ABF6AC25B3E841E7ABF97395A3E33
:10FF8000DD337ABFA4B0583E10497ABF8F27573E61
:10FF90001C5E7ABF589E553E02737ABF0115543ECF
:10FFA000C1877ABF898B523E599C7ABFF101513E7D
:10FFB000CBB07ABF38784F3E16C57ABF60EE4D3E63
:10FFC0003AD97ABF67644C3E37ED7ABF4FDA4A3E82
:10FFD0000E017BBF1850493EBE147BBFC2C5473ED1
:10FFE00048287BBF4D3B463EAB3B7BBFB9B0443E50
:10FFF000E74E7BBF0726433EFC617BBF379B413EFC
:020000040801F1
:10000000EA747BBF4910403EB2877BBF3E853E3ECF
:10001000539A7BBF15FA3C3ECDAC7BBFCF6E3B3EC7
:1000200020BF7BBF6CE3393E4DD17BBFEC57383EE0
:1000300053E37BBF50CC363E31F57BBF9840353E15
:10004000E9067CBFC4B4333E7A187CBFD428323E64
:10005000E5297CBFC99C303E283B7CBFA2102F3EC7
:10006000444C7CBF61842D3E3A5D7CBF04F82B3E3E
:10007000086E7CBF8D6B2A3EB07E7CBFFCDE283EC6
:10008000318F7CBF5152273E8A9F7CBF8CC5253E55
:10009000BDAF7CBFAD38243EC9BF7CBFB6AB223EEE
:1000A000AECF7CBFA51E213E6CDF7CBF7B911F3E87
:1000B00003EF7CBF38041E3E73FE7CBFDE761C3E21
:1000C000BC0D7DBF6BE91A3EDD1C7DBFE05B193EB8
:1000D000D82B7DBF3DCE173EAC3A7DBF8340163E48
:1000E00059497DBFB2B2143EDE577DBFCA24133ECC
:1000F0003D667DBFCC96113E74747DBFB708103E3F
:1001000085827DBF8B7A0E3E6E907DBF4AEC0C3EA1
:10011000309E7DBFF35D0B3ECCAB7DBF86CF093EED
:1001200040B97DBF0541083E8CC67DBF6EB2063E1C
:10013000B2D37DBFC223053EB1E07DBF0295033E31
:1001400088ED7DBF2E06023E38FA7DBF4577003E22
:10015000C2067EBF92D0FD3D24137EBF73B2FA3D2E
:100160005E1F7EBF2C94F73D722B7EBFC075F43DA1
:100170005E377EBF2E57F13D23437EBF7638EE3D7E
:10018000C14E7EBF9A19EB3D385A7EBF9AFAE73DC1
:1001900088657EBF76DBE43DB0707EBF2EBCE13D5E
:1001A000B17B7EBFC49CDE3D8B867EBF377DDB3D51
:1001B0003D917EBF895DD83DC99B7EBFB93DD53D90
:1001C0002DA67EBFC81DD23D69B07EBFB7FDCE3D16
:1001D0007FBA7EBF86DDCB3D6DC47EBF36BDC83DD8
:1001E00034CE7EBFC69CC53DD4D77EBF397CC23DD0
:1001F0004CE17EBF8D5BBF3D9DEA7EBFC33ABC3DF7
:10020000C7F37EBFDD19B93DC9FC7EBFDAF8B53D45
:10021000A4057FBFBBD7B23D580E7FBF80B6AF3DB0
:10022000E4167FBF2B95AC3D491F7FBFBA73A93D34
:1002300087277FBF3052A63D9D2F7FBF8C30A33DC7
:100240008D377FBFCF0EA03D543F7FBFF9EC9C3D63
:10025000F4467FBF0ACB993D6D4E7FBF05A9963D01
:10026000BF557FBFE786933DE95C7FBFB464903D97
:10027000EC637FBF6A428D3DC76A7FBF0A208A3D1B
:100280007B717FBF94FD863D08787FBF0ADB833D8D
:100290006D7E7FBF6CB8803DAB847FBF742B7B3D90
:1002A000C28A7FBFE9E5743DB1907FBF38A06E3D43
:1002B00078967FBF625A683D189C7FBF6814623D84
:1002C00091A17FBF4CCE5B3DE3A67FBF0E88553D1D
:1002D0000DAC7FBFAF414F3D0FB17FBF2FFB483DFE
:1002E000EAB57FBF91B4423D9EBA7FBFD56D3C3D1C
:1002F0002ABF7FBFFC26363D8FC37FBF07E02F3D5F
:10030000CCC77FBFF698293DE2CB7FBFCC51233DC0
:10031000D1CF7FBF880A1D3D98D37FBF2CC3163D28
:1003200037D77FBFB87B103DAFDA7FBF2F340A3D90
:1003300000DE7FBF90EC033D29E17FBFB949FB3C64
:100340002BE47FBF2DBAEE3C05E77FBF7B2AE23C62
:10035000B8E97FBFA69AD53C43EC7FBFB00AC93C41
:10036000A7EE7FBF9B7ABC3CE3F07FBF69EAAF3C5E
:10037000F8F27FBF1C5AA33CE6F47FBFB6C9963C97
:10038000ACF67FBF38398A3C4AF87FBF4B517B3C83
:10039000C1F97FBF0030623C11FB7FBF900E493C2A
:1003A00039FC7FBF02ED2F3C39FD7FBF59CB163C96
:1003B00013FE7FBF3053FB3BC4FE7FBF890FC93B99
:1003C0004EFF7FBFC1CB963BB1FF7FBFC70F493BFD
:1003D000ECFF7FBFD40FC93A000080BF00000000CF
:1003E000ECFF7FBFD40FC9BAB1FF7FBFC70F49BBB6
:1003F0004EFF7FBFC1CB96BBC4FE7FBF890FC9BB79
:1004000013FE7FBF3053FBBB39FD7FBF59CB16BCFA
:1004100039FC7FBF02ED2FBC11FB7FBF900E49BCA2
:10042000C1F97FBF003062BC4AF87FBF4B517BBC33
:10043000ACF67FBF38398ABCE6F47FBFB6C996BC3C
:10044000F8F27FBF1C5AA3BCE3F07FBF69EAAFBCE0
:10045000A7EE7FBF9B7ABCBC43EC7FBFB00AC9BC90
:10046000B8E97FBFA69AD5BC05E77FBF7B2AE2BC6F
:100470002BE47FBF2DBAEEBC29E17FBFB949FBBC9D
:1004800000DE7FBF90EC03BDAFDA7FBF2F340ABD23
:1004900037D77FBFB87B10BD98D37FBF2CC316BDA5
:1004A000D1CF7FBF880A1DBDE2CB7FBFCC5123BD1A
:1004B000CCC77FBFF69829BD8FC37FBF07E02FBD94
:1004C0002ABF7FBFFC2636BD9EBA7FBFD56D3CBD1F
:1004D000EAB57FBF91B442BD0FB17FBF2FFB48BDCE
:1004E0000DAC7FBFAF414FBDE3A67FBF0E8855BDAA
:1004F00091A17FBF4CCE5BBD189C7FBF681462BDCD
:1005000078967FBF625A68BDB1907FBF38A06EBD3C
:10051000C28A7FBFE9E574BDAB847FBF742B7BBD0E
:100520006D7E7FBF6CB880BD08787FBF0ADB83BD5E
:100530007B717FBF94FD86BDC76A7FBF0A208ABDDD
:10054000EC637FBF6A428DBDE95C7FBFB46490BD40
:10055000BF557FBFE78693BD6D4E7FBF05A996BD92
:10056000F4467FBF0ACB99BD543F7FBFF9EC9CBDD9
:100570008D377FBFCF0EA0BD9D2F7FBF8C30A3BD19
:1005800087277FBF3052A6BD491F7FBFBA73A9BD61
:10059000E4167FBF2B95ACBD580E7FBF80B6AFBDB4
:1005A000A4057FBFBBD7B2BDC9FC7EBFDAF8B5BD1D
:1005B000C7F37EBFDD19B9BD9DEA7EBFC33ABCBD9E
:1005C0004CE17EBF8D5BBFBDD4D77EBF397CC2BD41
:1005D00034CE7EBFC69CC5BD6DC47EBF36BDC8BD12
:1005E0007FBA7EBF86DDCBBD69B07EBFB7FDCEBD15
:1005F0002DA67EBFC81DD2BDC99B7EBFB93DD5BD4E
:100600003D917EBF895DD8BD8B867EBF377DDBBDCA
:10061000B17B7EBFC49CDEBDB0707EBF2EBCE1BD91
:1006200088657EBF76DBE4BD385A7EBF9AFAE7BDA7
:10063000C14E7EBF9A19EBBD23437EBF7638EEBD17
:100640005E377EBF2E57F1BD722B7EBFC075F4BDE5
:100650005E1F7EBF2C94F7BD24137EBF73B2FABD1C
:10066000C2067EBF92D0FDBD38FA7DBF457700BE81
:1006700088ED7DBF2E0602BEB1E07DBF029503BEB0
:10068000B2D37DBFC22305BE8CC67DBF6EB206BE8F
:1006900040B97DBF054108BECCAB7DBF86CF09BE4A
:1006A000309E7DBFF35D0BBE6E907DBF4AEC0CBEED
:1006B00085827DBF8B7A0EBE74747DBFB70810BE75
:1006C0003D667DBFCC9611BEDE577DBFCA2413BEEA
:1006D00059497DBFB2B214BEAC3A7DBF834016BE4D
:1006E000D82B7DBF3DCE17BEDD1C7DBFE05B19BEA4
:1006F000BC0D7DBF6BE91ABE73FE7CBFDE761CBEEF
:1007000003EF7CBF38041EBE6CDF7CBF7B911FBE35
:10071000AECF7CBFA51E21BEC9BF7CBFB6AB22BE7B
:10072000BDAF7CBFAD3824BE8A9F7CBF8CC525BEC3
:10073000318F7CBF515227BEB07E7CBFFCDE28BE0D
:10074000086E7CBF8D6B2ABE3A5D7CBF04F82BBE61
:10075000444C7CBF61842DBE283B7CBFA2102FBEC1
:10076000E5297CBFC99C30BE7A187CBFD42832BE34
:10077000E9067CBFC4B433BE31F57BBF984035BEBB
:1007800053E37BBF50CC36BE4DD17BBFEC5738BE58
:1007900020BF7BBF6CE339BECDAC7BBFCF6E3BBE11
:1007A000539A7BBF15FA3CBEB2877BBF3E853EBEE7
:1007B000EA747BBF491040BEFC617BBF379B41BEE2
:1007C000E74E7BBF072643BEAB3B7BBFB9B044BE01
:1007D00048287BBF4D3B46BEBE147BBFC2C547BE4B
:1007E0000E017BBF185049BE37ED7ABF4FDA4ABEC3
:1007F0003AD97ABF67644CBE16C57ABF60EE4DBE6B
:10080000CBB07ABF38784FBE599C7ABFF10151BE48
:10081000C1877ABF898B52BE02737ABF011554BE5D
:100820001C5E7ABF589E55BE10497ABF8F2757BEAF
:10083000DD337ABFA4B058BE841E7ABF97395ABE42
:1008400004097ABF6AC25BBE5EF379BF1A4B5DBE14
:1008500091DD79BFA8D35EBE9DC779BF135C60BE32
:1008600083B179BF5CE461BE439B79BF836C63BE97
:10087000DC8479BF86F464BE4E6E79BF667C66BE4A
:100880009A5779BF220468BEC04079BFBA8B69BE4F
:10089000BF2979BF2F136BBE981279BF7F9A6CBEA8
:1008A0004AFB78BFAB216EBED6E378BFB2A86FBE5D
:1008B0003BCC78BF942F71BE7BB478BF51B672BE6B
:1008C000939C78BFE83C74BE868478BF5AC375BEDB
:1008D000526C78BFA64977BEF85378BFCCCF78BEAC
:1008E000773B78BFCB557ABED12278BFA4DB7BBEE5
:1008F000040A78BF56617DBE10F177BFE1E67EBE87
:10090000F7D777BF223680BEB7BE77BFC0F880BEAC
:1009100051A577BF4ABB81BEC58B77BFC07D82BE64
:10092000137277BF224083BE3A5877BF700284BEED
:100930003C3E77BFAAC484BE172477BFCE8685BE4F
:10094000CC0977BFDF4886BE5BEF76BFDA0A87BE89
:10095000C4D476BFC1CC87BE07BA76BF938E88BE9B
:10096000249F76BF505089BE1B8476BFF8118ABE83
:10097000EC6876BF8AD38ABE974D76BF07958BBE4B
:100980001B3276BF6E568CBE7A1676BFC0178DBEF0
:10099000B3FA75BFFCD88DBEC6DE75BF229A8EBE77
:1009A000B3C275BF325B8FBE7BA675BF2C1C90BED9
:1009B0001C8A75BF10DD90BE976D75BFDD9D91BE21
:1009C000ED5075BF945E92BE1D3475BF351F93BE4A
:1009D000271775BFBFDF93BE0BFA74BF31A094BE5B
:1009E000C9DC74BF8D6095BE62BF74BFD22096BE55
:1009F000D5A174BF00E196BE228474BF17A197BE33
:100A0000496674BF166198BE4B4874BFFE2099BEFC
:100A1000272A74BFCEE099BEDD0B74BF86A09ABEB4
:100A20006EED73BF27609BBED9CE73BFAF1F9CBE58
:100A30001FB073BF20DF9CBE3F9173BF789E9DBEE9
:100A4000397273BFB85D9EBE0E5373BFDF1C9FBE6D
:100A5000BE3373BFEEDB9FBE471473BFE59AA0BEE3
:100A6000ACF472BFC259A1BEEBD472BF8718A2BE4C
:100A700004B572BF33D7A2BEF89472BFC595A3BEAA
:100A8000C77472BF3F54A4BE705472BF9F12A5BEFC
:100A9000F43372BFE5D0A5BE521372BF128FA6BE4B
:100AA0008CF271BF254DA7BE9FD171BF1F0BA8BE91
:100AB0008EB071BFFEC8A8BE578F71BFC486A9BED5
:100AC000FB6D71BF6F44AABE7A4C71BF0102ABBE11
:100AD000D42A71BF77BFABBE080971BFD47CACBE4E
:100AE00017E770BF153AADBE02C570BF3CF7ADBE8B
:100AF000C6A270BF49B4AEBE668070BF3A71AFBEC9
:100B0000E15D70BF102EB0BE373B70BFCBEAB0BE08
:100B1000671870BF6BA7B1BE73F56FBFEF63B2BE4E
:100B20005AD26FBF5820B3BE1BAF6FBFA5DCB3BE98
:100B3000B88B6FBFD698B4BE30686FBFEC54B5BEEB
:100B400083446FBFE610B6BEB0206FBFC3CCB6BE45
:100B5000BAFC6EBF8488B7BE9ED86EBF2A44B8BEAA
:100B60005DB46EBFB2FFB8BEF88F6EBF1EBBB9BE1C
:100B70006D6B6EBF6E76BABEBE466EBFA031BBBE99
:100B8000EB216EBFB6ECBBBEF2FC6DBFAFA7BCBE27
:100B9000D5D76DBF8B62BDBE93B26DBF4A1DBEBEC1
:100BA0002D8D6DBFEBD7BEBEA1676DBF6F92BFBE6F
:100BB000F2416DBFD54CC0BE1D1C6DBF1E07C1BE2E
:100BC00024F66CBF48C1C1BE07D06CBF557BC2BE06
:100BD000C5A96CBF4435C3BE5E836CBF15EFC3BEF1
:100BE000D45C6CBFC8A8C4BE24366CBF5C62C5BEF2
:100BF000500F6CBFD21BC6BE58E86BBF29D5C6BE0E
:100C00003BC16BBF628EC7BEFB996BBF7C47C8BE42
:100C100095726BBF7700C9BE0C4B6BBF53B9C9BE91
:100C20005E236BBF1072CABE8CFB6ABFAE2ACBBEFE
:100C300095D36ABF2CE3CBBE7BAB6ABF8B9BCCBE8C
:100C40003C836ABFCA53CDBED95A6ABFEA0BCEBE37
:100C500052326ABFEAC3CEBEA7096ABFCA7BCFBE03
:100C6000D7E069BF8A33D0BEE4B769BF2AEBD0BEF4
:100C7000CC8E69BFAAA2D1BE916569BF095AD2BE06
:100C8000323C69BF4811D3BEAE1269BF67C8D3BE3C
:100C900007E968BF647FD4BE3CBF68BF4136D5BE9C
:100CA0004C9568BFFDECD5BE396B68BF99A3D6BE25
:100CB000034168BF135AD7BEA81668BF6B10D8BED1
:100CC0002AEC67BFA3C6D8BE87C167BFB97CD9BEAF
:100CD000C19667BFAD32DABED86B67BF80E8DABEB7
:100CE000CA4067BF319EDBBE991567BFC153DCBEEA
:100CF00045EA66BF2E09DDBECCBE66BF79BEDDBE4D
:100D0000309366BFA273DEBE716766BFA928DFBEDF
:100D10008E3B66BF8DDDDFBE880F66BF4F92E0BEA3
:100D20005EE365BFEE46E1BE10B765BF6AFBE1BE9C
:100D3000A08A65BFC4AFE2BE0B5E65BFFA63E3BEC7
:100D4000543165BF0E18E4BE790465BFFECBE4BE26
:100D50007BD764BFCB7FE5BE59AA64BF7533E6BEBF
:100D6000147D64BFFBE6E6BEAC4F64BF5D9AE7BE90
:100D7000212264BF9C4DE8BE73F463BFB700E9BE97
:100D8000A1C663BFAEB3E9BEAC9863BF8166EABEDD
:100D9000956A63BF3019EBBE5A3C63BFBBCBEBBE59
:100DA000FC0D63BF217EECBE7BDF62BF6330EDBE16
:100DB000D7B062BF80E2EDBE108262BF7994EEBE12
:100DC000265362BF4C46EFBE1A2462BFFBF7EFBE4C
:100DD000EAF461BF85A9F0BE98C561BFEA5AF1BEC9
:100DE000229661BF290CF2BE8A6661BF43BDF2BE86
:100DF000D03661BF386EF3BEF20661BF071FF4BE86
:100E0000F2D660BFB1CFF4BECFA660BF3580F5BECD
:100E1000897660BF9330F6BE214660BFCBE0F6BE58
:100E2000961560BFDC90F7BEE9E45FBFC840F8BE2E
:100E300019B45FBF8EF0F8BE27835FBF2DA0F9BE47
:100E400012525FBFA54FFABEDB205FBFF7FEFABEAE
:100E500081EF5EBF22AEFBBE05BE5EBF275DFCBE5E
:100E6000678C5EBF040CFDBEA65A5EBFBBBAFDBE5A
:100E7000C3285EBF4A69FEBEBEF65DBFB217FFBEA5
:100E800097C45DBFF3C5FFBE4D925DBF063A00BF7C
:100E9000E15F5DBFFF9000BF532D5DBFE4E700BF82
:100EA000A3FA5CBFB53E01BFD1C75CBF739501BF5C
:100EB000DD945CBF1CEC01BFC7615CBFB14202BFE7
:100EC0008E2E5CBF329902BF34FB5BBF9FEF02BF27
:100ED000B8C75BBFF84503BF1A945BBF3D9C03BF17
:100EE0005A605BBF6DF203BF792C5BBF894804BFBA
:100EF00075F85ABF919E04BF50C45ABF84F404BF12
:100F000009905ABF624A05BFA05B5ABF2CA005BF1B
:100F100016275ABFE2F505BF6AF259BF824B06BFDA
:100F20009CBD59BF0EA106BFAD8859BF86F606BF4E
:100F30009C5359BFE84B07BF6A1E59BF36A107BF74
:100F400017E958BF6FF607BFA1B358BF924B08BF50
:100F50000B7E58BFA1A008BF534858BF9BF508BFE0
:100F6000791258BF7F4A09BF7FDC57BF4E9F09BF28
:100F700063A657BF09F409BF267057BFAD480ABF23
:100F8000C73957BF3D9D0ABF480357BFB7F10ABFD6
:100F9000A7CC56BF1C460BBFE59556BF6B9A0BBF3F
:100FA000025F56BFA5EE0BBFFE2756BFC9420CBF5E
:100FB000D9F055BFD7960CBF93B955BFD0EA0CBF37
:100FC0002C8255BFB33E0DBFA44A55BF81920DBFC1
:100FD000FB1255BF38E60DBF31DB54BFDA390EBF07
:100FE00047A354BF658D0EBF3B6B54BFDBE00EBF04
:100FF0000F3354BF3B340FBFC3FA53BF84870FBFB7
:1010000055C253BFB8DA0FBFC78953BFD52D10BF24
:10101000185153BFDC8010BF491853BFCDD310BF48
:1010200059DF52BFA72611BF49A652BF6B7911BF26
:10103000186D52BF19CC11BFC63352BFB01E12BFBC
:1010400054FA51BF307112BFC2C051BF9AC312BF10
:10105000108751BFEE1513BF3D4D51BF2A6813BF16
:101060004A1351BF50BA13BF37D950BF5F0C14BFDA
:10107000039F50BF585E14BFAF6450BF39B014BF58
:101080003B2A50BF040215BFA8EF4FBFB75315BF8F
:10109000F4B44FBF54A515BF1F7A4FBFD9F615BF83
:1010A0002B3F4FBF474816BF17044FBF9F9916BF2E
:1010B000E4C84EBFDFEA16BF908D4EBF073C17BF96
:1010C0001C524EBF188D17BF89164EBF12DE17BFB8
:1010D000D5DA4DBFF52E18BF029F4DBFC07F18BF98
:1010E00010634DBF73D018BFFD264DBF0F2119BF30
:1010F000CBEA4CBF947119BF79AE4CBF00C219BF87
:1011000008724CBF55121ABF78354CBF93621ABF94
:10111000C7F84BBFB8B21ABFF8BB4BBFC6021BBF64
:10112000097F4BBFBB521BBFFA414BBF99A21BBFEC
:10113000CC044BBF5FF21BBF7FC74ABF0C421CBF32
:10114000138A4ABFA2911CBF874C4ABF1FE11CBF34
:10115000DC0E4ABF84301DBF12D149BFD17F1DBFF5
:10116000299349BF06CF1DBF215549BF221E1EBF6F
:10117000FA1649BF266D1EBFB3D848BF12BC1EBFAA
:101180004E9A48BFE50A1FBFCA5B48BF9F591FBFA1
:10119000271D48BF41A81FBF65DE47BFCBF61FBF55
:1011A000849F47BF3B4520BF856047BF939320BFC7
:1011B000672147BFD2E120BF2AE246BFF92F21BFF6
:1011C000CEA246BF067E21BF546346BFFBCB21BFE4
:1011D000BB2346BFD71922BF03E445BF996722BF8F
:1011E0002DA445BF43B522BF396445BFD30223BFF9
:1011F000262445BF4B5023BFF5E344BFA99D23BF21
:10120000A5A344BFEEEA23BF376344BF1A3824BF07
:10121000AB2244BF2C8524BF00E243BF25D224BFAC
:1012200038A143BF041F25BF516043BFCB6B25BF0F
:101230004C1F43BF77B825BF29DE42BF0A0526BF32
:10124000E89C42BF845126BF895B42BFE39D26BF15
:101250000B1A42BF2AEA26BF70D841BF563627BFB5
:10126000B79641BF688227BFE15441BF61CE27BF17
:10127000EC1241BF401A28BFDAD040BF056628BF34
:10128000A98E40BFB0B128BF5C4C40BF41FD28BF14
:10129000F00940BFB84829BF67C73FBF159429BFB1
:1012A000C0843FBF57DF29BFFC413FBF802A2ABF10
:1012B0001BFF3EBF8E752ABF1BBC3EBF82C02ABF2C
:1012C000FF783EBF5B0B2BBFC5353EBF1B562BBF08
:1012D0006EF23DBFBFA02BBFF9AE3DBF4AEB2BBFA7
:1012E000676B3DBFB9352CBFB8273DBF0F802CBF02
:1012F000ECE33CBF49CA2CBF03A03CBF69142DBF1F
:10130000FC5B3CBF6F5E2DBFD9173CBF59A82DBFFA
:1013100098D33BBF29F22DBF3B8F3BBFDE3B2EBF97
:10132000C14A3BBF78852EBF29063BBFF7CE2EBFF3
:1013300075C13ABF5B182FBFA47C3ABFA5612FBF10
:10134000B7373ABFD3AA2FBFACF239BFE6F32FBFEE
:1013500085AD39BFDE3C30BF426839BFBB8530BF89
:10136000E12239BF7CCE30BF65DD38BF221731BFE7
:10137000CB9738BFAD5F31BF165238BF1DA831BF04
:10138000430C38BF71F031BF55C637BFAA3832BFE2
:101390004A8037BFC78032BF233A37BFC9C832BF80
:1013A000DFF336BFAF1033BF7FAD36BF7A5833BFE0
:1013B000046736BF29A033BF6C2036BFBCE733BFFC
:1013C000B8D935BF342F34BFE79235BF8F7634BFDD
:1013D000FB4B35BFCFBD34BFF30435BFF30435BF7E
:1013E000CFBD34BFFB4B35BF8F7634BFE79235BFDF
:1013F000342F34BFB8D935BFBCE733BF6C2036BFFC
:1014000029A033BF046736BF7A5833BF7FAD36BFDC
:10141000AF1033BFDFF336BFC9C832BF233A37BF7F
:10142000C78032BF4A8037BFAA3832BF55C637BFE0
:1014300071F031BF430C38BF1DA831BF165238BF01
:10144000AD5F31BFCB9738BF221731BF65DD38BFE5
:101450007CCE30BFE12239BFBB8530BF426839BF87
:10146000DE3C30BF85AD39BFE6F32FBFACF239BFEC
:10147000D3AA2FBFB7373ABFA5612FBFA47C3ABF0D
:101480005B182FBF75C13ABFF7CE2EBF29063BBFF1
:1014900078852EBFC14A3BBFDE3B2EBF3B8F3BBF93
:1014A00029F22DBF98D33BBF59A82DBFD9173CBFF8
:1014B0006F5E2DBFFC5B3CBF69142DBF03A03CBF1A
:1014C00049CA2CBFECE33CBF0F802CBFB8273DBFFF
:1014D000B9352CBF676B3DBF4AEB2BBFF9AE3DBFA3
:1014E000BFA02BBF6EF23DBF1B562BBFC5353EBF05
:1014F0005B0B2BBFFF783EBF82C02ABF1BBC3EBF29
:101500008E752ABF1BFF3EBF802A2ABFFC413FBF0A
:1015100057DF29BFC0843FBF159429BF67C73FBFAE
:10152000B84829BFF00940BF41FD28BF5C4C40BF0F
:10153000B0B128BFA98E40BF056628BFDAD040BF32
:10154000401A28BFEC1241BF61CE27BFE15441BF12
:10155000688227BFB79641BF563627BF70D841BFB4
:101560002AEA26BF0B1A42BFE39D26BF895B42BF12
:10157000845126BFE89C42BF0A0526BF29DE42BF30
:1015800077B825BF4C1F43BFCB6B25BF516043BF0E
:10159000041F25BF38A143BF25D224BF00E243BFAB
:1015A0002C8524BFAB2244BF1A3824BF376344BF05
:1015B000EEEA23BFA5A344BFA99D23BFF5E344BF23
:1015C0004B5023BF262445BFD30223BF396445BFF8
:1015D00043B522BF2DA445BF996722BF03E445BF91
:1015E000D71922BFBB2346BFFBCB21BF546346BFE5
:1015F000067E21BFCEA246BFF92F21BF2AE246BFF9
:10160000D2E120BF672147BF939320BF856047BFCA
:101610003B4520BF849F47BFCBF61FBF65DE47BF5A
:1016200041A81FBF271D48BF9F591FBFCA5B48BFA6
:10163000E50A1FBF4E9A48BF12BC1EBFB3D848BFB1
:10164000266D1EBFFA1649BF221E1EBF215549BF77
:1016500006CF1DBF299349BFD17F1DBF12D149BFFE
:1016600084301DBFDC0E4ABF1FE11CBF874C4ABF40
:10167000A2911CBF138A4ABF0C421CBF7FC74ABF3E
:101680005FF21BBFCC044BBF99A21BBFFA414BBFFB
:10169000BB521BBF097F4BBFC6021BBFF8BB4BBF72
:1016A000B8B21ABFC7F84BBF93621ABF78354CBFA8
:1016B00055121ABF08724CBF00C219BF79AE4CBF99
:1016C000947119BFCBEA4CBF0F2119BFFD264DBF46
:1016D00073D018BF10634DBFC07F18BF029F4DBFAE
:1016E000F52E18BFD5DA4DBF12DE17BF89164EBFD3
:1016F000188D17BF1C524EBF073C17BF908D4EBFB1
:10170000DFEA16BFE4C84EBF9F9916BF17044FBF4C
:10171000474816BF2B3F4FBFD9F615BF1F7A4FBFA3
:1017200054A515BFF4B44FBFB75315BFA8EF4FBFB3
:10173000040215BF3B2A50BF39B014BFAF6450BF7D
:10174000585E14BF039F50BF5F0C14BF37D950BF02
:1017500050BA13BF4A1351BF2A6813BF3D4D51BF42
:10176000EE1513BF108751BF9AC312BFC2C051BF3D
:10177000307112BF54FA51BFB01E12BFC63352BFF0
:1017800019CC11BF186D52BF6B7911BF49A652BF5A
:10179000A72611BF59DF52BFCDD310BF491853BF81
:1017A000DC8010BF185153BFD52D10BFC78953BF60
:1017B000B8DA0FBF55C253BF84870FBFC3FA53BFF8
:1017C0003B340FBF0F3354BFDBE00EBF3B6B54BF46
:1017D000658D0EBF47A354BFDA390EBF31DB54BF4E
:1017E00038E60DBFFB1255BF81920DBFA44A55BF0D
:1017F000B33E0DBF2C8255BFD0EA0CBF93B955BF85
:10180000D7960CBFD9F055BFC9420CBFFE2756BFB3
:10181000A5EE0BBF025F56BF6B9A0BBFE59556BF97
:101820001C460BBFA7CC56BFB7F10ABF480357BF32
:101830003D9D0ABFC73957BFAD480ABF267057BF85
:1018400009F409BF63A657BF4E9F09BF7FDC57BF8E
:101850007F4A09BF791258BF9BF508BF534858BF4C
:10186000A1A008BF0B7E58BF924B08BFA1B358BFC1
:101870006FF607BF17E958BF36A107BF6A1E59BFE9
:10188000E84B07BF9C5359BF86F606BFAD8859BFCA
:101890000EA106BF9CBD59BF824B06BF6AF259BF5D
:1018A000E2F505BF16275ABF2CA005BFA05B5ABFA3
:1018B000624A05BF09905ABF84F404BF50C45ABF9E
:1018C000919E04BF75F85ABF894804BF792C5BBF4D
:1018D0006DF203BF5A605BBF3D9C03BF1A945BBFB0
:1018E000F84503BFB8C75BBF9FEF02BF34FB5BBFC8
:1018F000329902BF8E2E5CBFB14202BFC7615CBF8E
:101900001CEC01BFDD945CBF739501BFD1C75CBF08
:10191000B53E01BFA3FA5CBFE4E700BF532D5DBF36
:10192000FF9000BFE15F5DBF063A00BF4D925DBF13
:10193000F3C5FFBE97C45DBFB217FFBEBEF65DBF65
:101940004A69FEBEC3285EBFBBBAFDBEA65A5EBFD3
:10195000040CFDBE678C5EBF275DFCBE05BE5EBF8E
:1019600022AEFBBE81EF5EBFF7FEFABEDB205FBF9B
:10197000A54FFABE12525FBF2DA0F9BE27835FBFED
:101980008EF0F8BE19B45FBFC840F8BEE9E45FBF8F
:10199000DC90F7BE961560BFCBE0F6BE214660BF77
:1019A0009330F6BE897660BF3580F5BECFA660BFA6
:1019B000B1CFF4BEF2D660BF071FF4BEF20661BF1E
:1019C000386EF3BED03661BF43BDF2BE8A6661BFDA
:1019D000290CF2BE229661BFEA5AF1BE98C561BFDA
:1019E00085A9F0BEEAF461BFFBF7EFBE1A2462BF1F
:1019F0004C46EFBE265362BF7994EEBE108262BFA2
:101A000080E2EDBED7B062BF6330EDBE7BDF62BF68
:101A1000217EECBEFC0D63BFBBCBEBBE5A3C63BF6B
:101A20003019EBBE956A63BF8166EABEAC9863BFAE
:101A3000AEB3E9BEA1C663BFB700E9BE73F463BF2E
:101A40009C4DE8BE212264BF5D9AE7BEAC4F64BFE7
:101A5000FBE6E6BE147D64BF7533E6BE59AA64BFDB
:101A6000CB7FE5BE7BD764BFFECBE4BE790465BF08
:101A70000E18E4BE543165BFFA63E3BE0B5E65BF6A
:101A8000C4AFE2BEA08A65BF6AFBE1BE10B765BF06
:101A9000EE46E1BE5EE365BF4F92E0BE880F66BFD3
:101AA0008DDDDFBE8E3B66BFA928DFBE716766BFD6
:101AB000A273DEBE309366BF79BEDDBECCBE66BF0C
:101AC0002E09DDBE45EA66BFC153DCBE991567BF6E
:101AD000319EDBBECA4067BF80E8DABED86B67BF05
:101AE000AD32DABEC19667BFB97CD9BE87C167BFC8
:101AF000A3C6D8BE2AEC67BF6B10D8BEA81668BFB5
:101B0000135AD7BE034168BF99A3D6BE396B68BFCD
:101B1000FDECD5BE4C9568BF4136D5BE3CBF68BF15
:101B2000647FD4BE07E968BF67C8D3BEAE1269BF81
:101B30004811D3BE323C69BF095AD2BE916569BF14
:101B4000AAA2D1BECC8E69BF2AEBD0BEE4B769BFD2
:101B50008A33D0BED7E069BFCA7BCFBEA7096ABFB0
:101B6000EAC3CEBE52326ABFEA0BCEBED95A6ABFB2
:101B7000CA53CDBE3C836ABF8B9BCCBE7BAB6ABFD6
:101B80002CE3CBBE95D36ABFAE2ACBBE8CFB6ABF1B
:101B90001072CABE5E236BBF53B9C9BE0C4B6BBF7C
:101BA0007700C9BE95726BBF7C47C8BEFB996BBFFF
:101BB000628EC7BE3BC16BBF29D5C6BE58E86BBF9E
:101BC000D21BC6BE500F6CBF5C62C5BE24366CBF54
:101BD000C8A8C4BED45C6CBF15EFC3BE5E836CBF27
:101BE0004435C3BEC5A96CBF557BC2BE07D06CBF10
:101BF00048C1C1BE24F66CBF1E07C1BE1D1C6DBF0F
:101C0000D54CC0BEF2416DBF6F92BFBEA1676DBF24
:101C1000EBD7BEBE2D8D6DBF4A1DBEBE93B26DBF4C
:101C20008B62BDBED5D76DBFAFA7BCBEF2FC6DBF8A
:101C3000B6ECBBBEEB216EBFA031BBBEBE466EBFD5
:101C40006E76BABE6D6B6EBF1EBBB9BEF88F6EBF2F
:101C5000B2FFB8BE5DB46EBF2A44B8BE9ED86EBF98
:101C60008488B7BEBAFC6EBFC3CCB6BEB0206FBF0F
:101C7000E610B6BE83446FBFEC54B5BE30686FBF8C
:101C8000D698B4BEB88B6FBFA5DCB3BE1BAF6FBF19
:101C90005820B3BE5AD26FBFEF63B2BE73F56FBFA9
:101CA0006BA7B1BE671870BFCBEAB0BE373B70BF41
:101CB000102EB0BEE15D70BF3A71AFBE668070BFDE
:101CC00049B4AEBEC6A270BF3CF7ADBE02C570BF80
:101CD000153AADBE17E770BFD47CACBE080971BF22
:101CE00077BFABBED42A71BF0102ABBE7A4C71BFC5
:101CF0006F44AABEFB6D71BFC486A9BE578F71BF6A
:101D0000FEC8A8BE8EB071BF1F0BA8BE9FD171BF09
:101D1000254DA7BE8CF271BF128FA6BE521372BFA3
:101D2000E5D0A5BEF43372BF9F12A5BE705472BF3A
:101D30003F54A4BEC77472BFC595A3BEF89472BFCA
:101D400033D7A2BE04B572BF8718A2BEEBD472BF50
:101D5000C259A1BEACF472BFE59AA0BE471473BFCE
:101D6000EEDB9FBEBE3373BFDF1C9FBE0E5373BF3F
:101D7000B85D9EBE397273BF789E9DBE3F9173BFA2
:101D800020DF9CBE1FB073BFAF1F9CBED9CE73BFF8
:101D900027609BBE6EED73BF86A09ABEDD0B74BF3D
:101DA000CEE099BE272A74BFFE2099BE4B4874BF6F
:101DB000166198BE496674BF17A197BE228474BF8E
:101DC00000E196BED5A174BFD22096BE62BF74BF9B
:101DD0008D6095BEC9DC74BF31A094BE0BFA74BF90
:101DE000BFDF93BE271775BF351F93BE1D3475BF68
:101DF000945E92BEED5075BFDD9D91BE976D75BF2F
:101E000010DD90BE1C8A75BF2C1C90BE7BA675BFD2
:101E1000325B8FBEB3C275BF229A8EBEC6DE75BF5F
:101E2000FCD88DBEB3FA75BFC0178DBE7A1676BFCB
:101E30006E568CBE1B3276BF07958BBE974D76BF14
:101E40008AD38ABEEC6876BFF8118ABE1B8476BF3F
:101E5000505089BE249F76BF938E88BE07BA76BF46
:101E6000C1CC87BEC4D476BFDA0A87BE5BEF76BF2B
:101E7000DF4886BECC0977BFCE8685BE172477BFE4
:101E8000AAC484BE3C3E77BF700284BE3A5877BF76
:101E9000224083BE137277BFC07D82BEC58B77BFE1
:101EA0004ABB81BE51A577BFC0F880BEB7BE77BF21
:101EB000223680BEF7D777BFE1E67EBE10F177BF4E
:101EC00056617DBE040A78BFA4DB7BBED12278BFF9
:101ED000CB557ABE773B78BFCCCF78BEF85378BF6E
:101EE000A64977BE526C78BF5AC375BE868478BF48
:101EF000E83C74BE939C78BF51B672BE7BB478BF89
:101F0000942F71BE3BCC78BFB2A86FBED6E378BF2A
:101F1000AB216EBE4AFB78BF7F9A6CBE981279BF28
:101F20002F136BBEBF2979BFBA8B69BEC04079BF82
:101F3000220468BE9A5779BF667C66BE4E6E79BF32
:101F400086F464BEDC8479BF836C63BE439B79BF37
:101F50005CE461BE83B179BF135C60BE9DC779BF8D
:101F6000A8D35EBE91DD79BF1A4B5DBE5EF379BF2B
:101F70006AC25BBE04097ABF97395ABE841E7ABF13
:101F8000A4B058BEDD337ABF8F2757BE10497ABF41
:101F9000589E55BE1C5E7ABF011554BE02737ABFAF
:101FA000898B52BEC1877ABFF10151BE599C7ABF5D
:101FB00038784FBECBB07ABF60EE4DBE16C57ABF43
:101FC00067644CBE3AD97ABF4FDA4ABE37ED7ABF62
:101FD000185049BE0E017BBFC2C547BEBE147BBFB1
:101FE0004D3B46BE48287BBFB9B044BEAB3B7BBF30
:101FF000072643BEE74E7BBF379B41BEFC617BBFDC
:10200000491040BEEA747BBF3E853EBEB2877BBFAF
:1020100015FA3CBE539A7BBFCF6E3BBECDAC7BBFA7
:102020006CE339BE20BF7BBFEC5738BE4DD17BBFC0
:1020300050CC36BE53E37BBF984035BE31F57BBFF5
:10204000C4B433BEE9067CBFD42832BE7A187CBF44
:10205000C99C30BEE5297CBFA2102FBE283B7CBFA7
:1020600061842DBE444C7CBF04F82BBE3A5D7CBF1E
:102070008D6B2ABE086E7CBFFCDE28BEB07E7CBFA6
:10208000515227BE318F7CBF8CC525BE8A9F7CBF35
:10209000AD3824BEBDAF7CBFB6AB22BEC9BF7CBFCE
:1020A000A51E21BEAECF7CBF7B911FBE6CDF7CBF67
:1020B00038041EBE03EF7CBFDE761CBE73FE7CBF01
:1020C0006BE91ABEBC0D7DBFE05B19BEDD1C7DBF98
:1020D0003DCE17BED82B7DBF834016BEAC3A7DBF28
:1020E000B2B214BE59497DBFCA2413BEDE577DBFAC
:1020F000CC9611BE3D667DBFB70810BE74747DBF1F
:102100008B7A0EBE85827DBF4AEC0CBE6E907DBF81
:10211000F35D0BBE309E7DBF86CF09BECCAB7DBFCD
:10212000054108BE40B97DBF6EB206BE8CC67DBFFC
:10213000C22305BEB2D37DBF029503BEB1E07DBF11
:102140002E0602BE88ED7DBF457700BE38FA7DBF02
:1021500092D0FDBDC2067EBF73B2FABD24137EBF0E
:102160002C94F7BD5E1F7EBFC075F4BD722B7EBF81
:102170002E57F1BD5E377EBF7638EEBD23437EBF5E
:102180009A19EBBDC14E7EBF9AFAE7BD385A7EBFA1
:1021900076DBE4BD88657EBF2EBCE1BDB0707EBF3E
:1021A000C49CDEBDB17B7EBF377DDBBD8B867EBF31
:1021B000895DD8BD3D917EBFB93DD5BDC99B7EBF70
:1021C000C81DD2BD2DA67EBFB7FDCEBD69B07EBFF6
:1021D00086DDCBBD7FBA7EBF36BDC8BD6DC47EBFB8
:1021E000C69CC5BD34CE7EBF397CC2BDD4D77EBFB0
:1021F0008D5BBFBD4CE17EBFC33ABCBD9DEA7EBFD7
:10220000DD19B9BDC7F37EBFDAF8B5BDC9FC7EBF25
:10221000BBD7B2BDA4057FBF80B6AFBD580E7FBF90
:102220002B95ACBDE4167FBFBA73A9BD491F7FBF14
:102230003052A6BD87277FBF8C30A3BD9D2F7FBFA7
:10224000CF0EA0BD8D377FBFF9EC9CBD543F7FBF43
:102250000ACB99BDF4467FBF05A996BD6D4E7FBFE1
:10226000E78693BDBF557FBFB46490BDE95C7FBF77
:102270006A428DBDEC637FBF0A208ABDC76A7FBFFB
:1022800094FD86BD7B717FBF0ADB83BD08787FBF6D
:102290006CB880BD6D7E7FBF742B7BBDAB847FBF70
:1022A000E9E574BDC28A7FBF38A06EBDB1907FBF23
:1022B000625A68BD78967FBF681462BD189C7FBF64
:1022C0004CCE5BBD91A17FBF0E8855BDE3A67FBFFD
:1022D000AF414FBD0DAC7FBF2FFB48BD0FB17FBFDE
:1022E00091B442BDEAB57FBFD56D3CBD9EBA7FBFFC
:1022F000FC2636BD2ABF7FBF07E02FBD8FC37FBF3F
:10230000F69829BDCCC77FBFCC5123BDE2CB7FBFA0
:10231000880A1DBDD1CF7FBF2CC316BD98D37FBF08
:10232000B87B10BD37D77FBF2F340ABDAFDA7FBF70
:1023300090EC03BD00DE7FBFB949FBBC29E17FBF44
:102340002DBAEEBC2BE47FBF7B2AE2BC05E77FBF42
:10235000A69AD5BCB8E97FBFB00AC9BC43EC7FBF21
:102360009B7ABCBCA7EE7FBF69EAAFBCE3F07FBF3E
:102370001C5AA3BCF8F27FBFB6C996BCE6F47FBF77
:1023800038398ABCACF67FBF4B517BBC4AF87FBF63
:10239000003062BCC1F97FBF900E49BC11FB7FBF0A
:1023A00002ED2FBC39FC7FBF59CB16BC39FD7FBF76
:1023B0003053FBBB13FE7FBF890FC9BBC4FE7FBF79
:1023C000C1CB96BB4EFF7FBFC70F49BBB1FF7FBFDD
:1023D000D40FC9BAECFF7FBF00000080000080BFAF
:1023E000D40FC93AECFF7FBFC70F493BB1FF7FBF96
:1023F000C1CB963B4EFF7FBF890FC93BC4FE7FBF59
:102400003053FB3B13FE7FBF59CB163C39FD7FBFDA
:1024100002ED2F3C39FC7FBF900E493C11FB7FBF82
:102420000030623CC1F97FBF4B517B3C4AF87FBF13
:1024300038398A3CACF67FBFB6C9963CE6F47FBF1C
:102440001C5AA33CF8F27FBF69EAAF3CE3F07FBFC0
:102450009B7ABC3CA7EE7FBFB00AC93C43EC7FBF70
:10246000A69AD53CB8E97FBF7B2AE23C05E77FBF4F
:102470002DBAEE3C2BE47FBFB949FB3C29E17FBF7D
:1024800090EC033D00DE7FBF2F340A3DAFDA7FBF03
:10249000B87B103D37D77FBF2CC3163D98D37FBF85
:1024A000880A1D3DD1CF7FBFCC51233DE2CB7FBFFA
:1024B000F698293DCCC77FBF07E02F3D8FC37FBF74
:1024C000FC26363D2ABF7FBFD56D3C3D9EBA7FBFFF
:1024D00091B4423DEAB57FBF2FFB483D0FB17FBFAE
:1024E000AF414F3D0DAC7FBF0E88553DE3A67FBF8A
:1024F0004CCE5B3D91A17FBF6814623D189C7FBFAD
:10250000625A683D78967FBF38A06E3DB1907FBF1C
:10251000E9E5743DC28A7FBF742B7B3DAB847FBFEE
:102520006CB8803D6D7E7FBF0ADB833D08787FBF3E
:1025300094FD863D7B717FBF0A208A3DC76A7FBFBD
:102540006A428D3DEC637FBFB464903DE95C7FBF20
:10255000E786933DBF557FBF05A9963D6D4E7FBF72
:102560000ACB993DF4467FBFF9EC9C3D543F7FBFB9
:10257000CF0EA03D8D377FBF8C30A33D9D2F7FBFF9
:102580003052A63D87277FBFBA73A93D491F7FBF41
:102590002B95AC3DE4167FBF80B6AF3D580E7FBF94
:1025A000BBD7B23DA4057FBFDAF8B53DC9FC7EBFFD
:1025B000DD19B93DC7F37EBFC33ABC3D9DEA7EBF7E
:1025C0008D5BBF3D4CE17EBF397CC23DD4D77EBF21
:1025D000C69CC53D34CE7EBF36BDC83D6DC47EBFF2
:1025E00086DDCB3D7FBA7EBFB7FDCE3D69B07EBFF5
:1025F000C81DD23D2DA67EBFB93DD53DC99B7EBF2E
:10260000895DD83D3D917EBF377DDB3D8B867EBFAA
:10261000C49CDE3DB17B7EBF2EBCE13DB0707EBF71
:1026200076DBE43D88657EBF9AFAE73D385A7EBF87
:102630009A19EB3DC14E7EBF7638EE3D23437EBFF7
:102640002E57F13D5E377EBFC075F43D722B7EBFC5
:102650002C94F73D5E1F7EBF73B2FA3D24137EBFFC
:1026600092D0FD3DC2067EBF4577003E38FA7DBF61
:102670002E06023E88ED7DBF0295033EB1E07DBF90
:10268000C223053EB2D37DBF6EB2063E8CC67DBF6F
:102690000541083E40B97DBF86CF093ECCAB7DBF2A
:1026A000F35D0B3E309E7DBF4AEC0C3E6E907DBFCD
:1026B0008B7A0E3E85827DBFB708103E74747DBF55
:1026C000CC96113E3D667DBFCA24133EDE577DBFCA
:1026D000B2B2143E59497DBF8340163EAC3A7DBF2D
:1026E0003DCE173ED82B7DBFE05B193EDD1C7DBF84
:1026F0006BE91A3EBC0D7DBFDE761C3E73FE7CBFCF
:1027000038041E3E03EF7CBF7B911F3E6CDF7CBF15
:10271000A51E213EAECF7CBFB6AB223EC9BF7CBF5B
:10272000AD38243EBDAF7CBF8CC5253E8A9F7CBFA3
:102730005152273E318F7CBFFCDE283EB07E7CBFED
:102740008D6B2A3E086E7CBF04F82B3E3A5D7CBF41
:1027500061842D3E444C7CBFA2102F3E283B7CBFA1
:10276000C99C303EE5297CBFD428323E7A187CBF14
:10277000C4B4333EE9067CBF9840353E31F57BBF9B
:1027800050CC363E53E37BBFEC57383E4DD17BBF38
:102790006CE3393E20BF7BBFCF6E3B3ECDAC7BBFF1
:1027A00015FA3C3E539A7BBF3E853E3EB2877BBFC7
:1027B0004910403EEA747BBF379B413EFC617BBFC2
:1027C0000726433EE74E7BBFB9B0443EAB3B7BBFE1
:1027D0004D3B463E48287BBFC2C5473EBE147BBF2B
:1027E0001850493E0E017BBF4FDA4A3E37ED7ABFA3
:1027F00067644C3E3AD97ABF60EE4D3E16C57ABF4B
:1028000038784F3ECBB07ABFF101513E599C7ABF28
:10281000898B523EC1877ABF0115543E02737ABF3D
:10282000589E553E1C5E7ABF8F27573E10497ABF8F
:10283000A4B0583EDD337ABF97395A3E841E7ABF22
:102840006AC25B3E04097ABF1A4B5D3E5EF379BFF4
:10285000A8D35E3E91DD79BF135C603E9DC779BF12
:102860005CE4613E83B179BF836C633E439B79BF77
:1028700086F4643EDC8479BF667C663E4E6E79BF2A
:102880002204683E9A5779BFBA8B693EC04079BF2F
:102890002F136B3EBF2979BF7F9A6C3E981279BF88
:1028A000AB216E3E4AFB78BFB2A86F3ED6E378BF3D
:1028B000942F713E3BCC78BF51B6723E7BB478BF4B
:1028C000E83C743E939C78BF5AC3753E868478BFBB
:1028D000A649773E526C78BFCCCF783EF85378BF8C
:1028E000CB557A3E773B78BFA4DB7B3ED12278BFC5
:1028F00056617D3E040A78BFE1E67E3E10F177BF67
:102900002236803EF7D777BFC0F8803EB7BE77BF8C
:102910004ABB813E51A577BFC07D823EC58B77BF44
:102920002240833E137277BF7002843E3A5877BFCD
:10293000AAC4843E3C3E77BFCE86853E172477BF2F
:10294000DF48863ECC0977BFDA0A873E5BEF76BF69
:10295000C1CC873EC4D476BF938E883E07BA76BF7B
:102960005050893E249F76BFF8118A3E1B8476BF63
:102970008AD38A3EEC6876BF07958B3E974D76BF2B
:102980006E568C3E1B3276BFC0178D3E7A1676BFD0
:10299000FCD88D3EB3FA75BF229A8E3EC6DE75BF57
:1029A000325B8F3EB3C275BF2C1C903E7BA675BFB9
:1029B00010DD903E1C8A75BFDD9D913E976D75BF01
:1029C000945E923EED5075BF351F933E1D3475BF2A
:1029D000BFDF933E271775BF31A0943E0BFA74BF3B
:1029E0008D60953EC9DC74BFD220963E62BF74BF35
:1029F00000E1963ED5A174BF17A1973E228474BF13
:102A00001661983E496674BFFE20993E4B4874BFDC
:102A1000CEE0993E272A74BF86A09A3EDD0B74BF94
:102A200027609B3E6EED73BFAF1F9C3ED9CE73BF38
:102A300020DF9C3E1FB073BF789E9D3E3F9173BFC9
:102A4000B85D9E3E397273BFDF1C9F3E0E5373BF4D
:102A5000EEDB9F3EBE3373BFE59AA03E471473BFC3
:102A6000C259A13EACF472BF8718A23EEBD472BF2C
:102A700033D7A23E04B572BFC595A33EF89472BF8A
:102A80003F54A43EC77472BF9F12A53E705472BFDC
:102A9000E5D0A53EF43372BF128FA63E521372BF2B
:102AA000254DA73E8CF271BF1F0BA83E9FD171BF71
:102AB000FEC8A83E8EB071BFC486A93E578F71BFB5
:102AC0006F44AA3EFB6D71BF0102AB3E7A4C71BFF1
:102AD00077BFAB3ED42A71BFD47CAC3E080971BF2E
:102AE000153AAD3E17E770BF3CF7AD3E02C570BF6B
:102AF00049B4AE3EC6A270BF3A71AF3E668070BFA9
:102B0000102EB03EE15D70BFCBEAB03E373B70BFE8
:102B10006BA7B13E671870BFEF63B23E73F56FBF2E
:102B20005820B33E5AD26FBFA5DCB33E1BAF6FBF78
:102B3000D698B43EB88B6FBFEC54B53E30686FBFCB
:102B4000E610B63E83446FBFC3CCB63EB0206FBF25
:102B50008488B73EBAFC6EBF2A44B83E9ED86EBF8A
:102B6000B2FFB83E5DB46EBF1EBBB93EF88F6EBFFC
:102B70006E76BA3E6D6B6EBFA031BB3EBE466EBF79
:102B8000B6ECBB3EEB216EBFAFA7BC3EF2FC6DBF07
:102B90008B62BD3ED5D76DBF4A1DBE3E93B26DBFA1
:102BA000EBD7BE3E2D8D6DBF6F92BF3EA1676DBF4F
:102BB000D54CC03EF2416DBF1E07C13E1D1C6DBF0E
:102BC00048C1C13E24F66CBF557BC23E07D06CBFE6
:102BD0004435C33EC5A96CBF15EFC33E5E836CBFD1
:102BE000C8A8C43ED45C6CBF5C62C53E24366CBFD2
:102BF000D21BC63E500F6CBF29D5C63E58E86BBFEE
:102C0000628EC73E3BC16BBF7C47C83EFB996BBF22
:102C10007700C93E95726BBF53B9C93E0C4B6BBF71
:102C20001072CA3E5E236BBFAE2ACB3E8CFB6ABFDE
:102C30002CE3CB3E95D36ABF8B9BCC3E7BAB6ABF6C
:102C4000CA53CD3E3C836ABFEA0BCE3ED95A6ABF17
:102C5000EAC3CE3E52326ABFCA7BCF3EA7096ABFE3
:102C60008A33D03ED7E069BF2AEBD03EE4B769BFD4
:102C7000AAA2D13ECC8E69BF095AD23E916569BFE6
:102C80004811D33E323C69BF67C8D33EAE1269BF1C
:102C9000647FD43E07E968BF4136D53E3CBF68BF7C
:102CA000FDECD53E4C9568BF99A3D63E396B68BF05
:102CB000135AD73E034168BF6B10D83EA81668BFB1
:102CC000A3C6D83E2AEC67BFB97CD93E87C167BF8F
:102CD000AD32DA3EC19667BF80E8DA3ED86B67BF97
:102CE000319EDB3ECA4067BFC153DC3E991567BFCA
:102CF0002E09DD3E45EA66BF79BEDD3ECCBE66BF2D
:102D0000A273DE3E309366BFA928DF3E716766BFBF
:102D10008DDDDF3E8E3B66BF4F92E03E880F66BF83
:102D2000EE46E13E5EE365BF6AFBE13E10B765BF7C
:102D3000C4AFE23EA08A65BFFA63E33E0B5E65BFA7
:102D40000E18E43E543165BFFECBE43E790465BF06
:102D5000CB7FE53E7BD764BF7533E63E59AA64BF9F
:102D6000FBE6E63E147D64BF5D9AE73EAC4F64BF70
:102D70009C4DE83E212264BFB700E93E73F463BF77
:102D8000AEB3E93EA1C663BF8166EA3EAC9863BFBD
:102D90003019EB3E956A63BFBBCBEB3E5A3C63BF39
:102DA000217EEC3EFC0D63BF6330ED3E7BDF62BFF6
:102DB00080E2ED3ED7B062BF7994EE3E108262BFF2
:102DC0004C46EF3E265362BFFBF7EF3E1A2462BF2C
:102DD00085A9F03EEAF461BFEA5AF13E98C561BFA9
:102DE000290CF23E229661BF43BDF23E8A6661BF66
:102DF000386EF33ED03661BF071FF43EF20661BF66
:102E0000B1CFF43EF2D660BF3580F53ECFA660BFAD
:102E10009330F63E897660BFCBE0F63E214660BF38
:102E2000DC90F73E961560BFC840F83EE9E45FBF0E
:102E30008EF0F83E19B45FBF2DA0F93E27835FBF27
:102E4000A54FFA3E12525FBFF7FEFA3EDB205FBF8E
:102E500022AEFB3E81EF5EBF275DFC3E05BE5EBF3E
:102E6000040CFD3E678C5EBFBBBAFD3EA65A5EBF3A
:102E70004A69FE3EC3285EBFB217FF3EBEF65DBF85
:102E8000F3C5FF3E97C45DBF063A003F4D925DBF5C
:102E9000FF90003FE15F5DBFE4E7003F532D5DBF62
:102EA000B53E013FA3FA5CBF7395013FD1C75CBF3C
:102EB0001CEC013FDD945CBFB142023FC7615CBFC7
:102EC0003299023F8E2E5CBF9FEF023F34FB5BBF07
:102ED000F845033FB8C75BBF3D9C033F1A945BBFF7
:102EE0006DF2033F5A605BBF8948043F792C5BBF9A
:102EF000919E043F75F85ABF84F4043F50C45ABFF2
:102F0000624A053F09905ABF2CA0053FA05B5ABFFB
:102F1000E2F5053F16275ABF824B063F6AF259BFBA
:102F20000EA1063F9CBD59BF86F6063FAD8859BF2E
:102F3000E84B073F9C5359BF36A1073F6A1E59BF54
:102F40006FF6073F17E958BF924B083FA1B358BF30
:102F5000A1A0083F0B7E58BF9BF5083F534858BFC0
:102F60007F4A093F791258BF4E9F093F7FDC57BF08
:102F700009F4093F63A657BFAD480A3F267057BF03
:102F80003D9D0A3FC73957BFB7F10A3F480357BFB6
:102F90001C460B3FA7CC56BF6B9A0B3FE59556BF1F
:102FA000A5EE0B3F025F56BFC9420C3FFE2756BF3E
:102FB000D7960C3FD9F055BFD0EA0C3F93B955BF17
:102FC000B33E0D3F2C8255BF81920D3FA44A55BFA1
:102FD00038E60D3FFB1255BFDA390E3F31DB54BFE7
:102FE000658D0E3F47A354BFDBE00E3F3B6B54BFE4
:102FF0003B340F3F0F3354BF84870F3FC3FA53BF97
:10300000B8DA0F3F55C253BFD52D103FC78953BF04
:10301000DC80103F185153BFCDD3103F491853BF28
:10302000A726113F59DF52BF6B79113F49A652BF06
:1030300019CC113F186D52BFB01E123FC63352BF9C
:103040003071123F54FA51BF9AC3123FC2C051BFF0
:10305000EE15133F108751BF2A68133F3D4D51BFF6
:1030600050BA133F4A1351BF5F0C143F37D950BFBA
:10307000585E143F039F50BF39B0143FAF6450BF38
:103080000402153F3B2A50BFB753153FA8EF4FBF6F
:1030900054A5153FF4B44FBFD9F6153F1F7A4FBF63
:1030A0004748163F2B3F4FBF9F99163F17044FBF0E
:1030B000DFEA163FE4C84EBF073C173F908D4EBF76
:1030C000188D173F1C524EBF12DE173F89164EBF98
:1030D000F52E183FD5DA4DBFC07F183F029F4DBF78
:1030E00073D0183F10634DBF0F21193FFD264DBF10
:1030F0009471193FCBEA4CBF00C2193F79AE4CBF67
:1031000055121A3F08724CBF93621A3F78354CBF74
:10311000B8B21A3FC7F84BBFC6021B3FF8BB4BBF44
:10312000BB521B3F097F4BBF99A21B3FFA414BBFCC
:103130005FF21B3FCC044BBF0C421C3F7FC74ABF12
:10314000A2911C3F138A4ABF1FE11C3F874C4ABF14
:1031500084301D3FDC0E4ABFD17F1D3F12D149BFD5
:1031600006CF1D3F299349BF221E1E3F215549BF4F
:10317000266D1E3FFA1649BF12BC1E3FB3D848BF8A
:10318000E50A1F3F4E9A48BF9F591F3FCA5B48BF81
:1031900041A81F3F271D48BFCBF61F3F65DE47BF35
:1031A0003B45203F849F47BF9393203F856047BFA7
:1031B000D2E1203F672147BFF92F213F2AE246BFD6
:1031C000067E213FCEA246BFFBCB213F546346BFC4
:1031D000D719223FBB2346BF9967223F03E445BF6F
:1031E00043B5223F2DA445BFD302233F396445BFD9
:1031F0004B50233F262445BFA99D233FF5E344BF01
:10320000EEEA233FA5A344BF1A38243F376344BFE7
:103210002C85243FAB2244BF25D2243F00E243BF8C
:10322000041F253F38A143BFCB6B253F516043BFEF
:1032300077B8253F4C1F43BF0A05263F29DE42BF12
:103240008451263FE89C42BFE39D263F895B42BFF5
:103250002AEA263F0B1A42BF5636273F70D841BF95
:103260006882273FB79641BF61CE273FE15441BFF7
:10327000401A283FEC1241BF0566283FDAD040BF14
:10328000B0B1283FA98E40BF41FD283F5C4C40BFF4
:10329000B848293FF00940BF1594293F67C73FBF91
:1032A00057DF293FC0843FBF802A2A3FFC413FBFF0
:1032B0008E752A3F1BFF3EBF82C02A3F1BBC3EBF0C
:1032C0005B0B2B3FFF783EBF1B562B3FC5353EBFE8
:1032D000BFA02B3F6EF23DBF4AEB2B3FF9AE3DBF87
:1032E000B9352C3F676B3DBF0F802C3FB8273DBFE2
:1032F00049CA2C3FECE33CBF69142D3F03A03CBFFF
:103300006F5E2D3FFC5B3CBF59A82D3FD9173CBFDA
:1033100029F22D3F98D33BBFDE3B2E3F3B8F3BBF77
:1033200078852E3FC14A3BBFF7CE2E3F29063BBFD3
:103330005B182F3F75C13ABFA5612F3FA47C3ABFF0
:10334000D3AA2F3FB7373ABFE6F32F3FACF239BFCE
:10335000DE3C303F85AD39BFBB85303F426839BF69
:103360007CCE303FE12239BF2217313F65DD38BFC7
:10337000AD5F313FCB9738BF1DA8313F165238BFE4
:1033800071F0313F430C38BFAA38323F55C637BFC2
:10339000C780323F4A8037BFC9C8323F233A37BF60
:1033A000AF10333FDFF336BF7A58333F7FAD36BFC0
:1033B00029A0333F046736BFBCE7333F6C2036BFDC
:1033C000342F343FB8D935BF8F76343FE79235BFBD
:1033D000CFBD343FFB4B35BFF304353FF30435BF5E
:1033E000FB4B353FCFBD34BFE792353F8F7634BFBF
:1033F000B8D9353F342F34BF6C20363FBCE733BFDC
:103400000467363F29A033BF7FAD363F7A5833BFBC
:10341000DFF3363FAF1033BF233A373FC9C832BF5F
:103420004A80373FC78032BF55C6373FAA3832BFC0
:10343000430C383F71F031BF1652383F1DA831BFE1
:10344000CB97383FAD5F31BF65DD383F221731BFC5
:10345000E122393F7CCE30BF4268393FBB8530BF67
:1034600085AD393FDE3C30BFACF2393FE6F32FBFCC
:10347000B7373A3FD3AA2FBFA47C3A3FA5612FBFED
:1034800075C13A3F5B182FBF29063B3FF7CE2EBFD1
:10349000C14A3B3F78852EBF3B8F3B3FDE3B2EBF73
:1034A00098D33B3F29F22DBFD9173C3F59A82DBFD8
:1034B000FC5B3C3F6F5E2DBF03A03C3F69142DBFFA
:1034C000ECE33C3F49CA2CBFB8273D3F0F802CBFDF
:1034D000676B3D3FB9352CBFF9AE3D3F4AEB2BBF83
:1034E0006EF23D3FBFA02BBFC5353E3F1B562BBFE5
:1034F000FF783E3F5B0B2BBF1BBC3E3F82C02ABF09
:103500001BFF3E3F8E752ABFFC413F3F802A2ABFEA
:10351000C0843F3F57DF29BF67C73F3F159429BF8E
:10352000F009403FB84829BF5C4C403F41FD28BFEF
:10353000A98E403FB0B128BFDAD0403F056628BF12
:10354000EC12413F401A28BFE154413F61CE27BFF2
:10355000B796413F688227BF70D8413F563627BF94
:103560000B1A423F2AEA26BF895B423FE39D26BFF2
:10357000E89C423F845126BF29DE423F0A0526BF10
:103580004C1F433F77B825BF5160433FCB6B25BFEE
:1035900038A1433F041F25BF00E2433F25D224BF8B
:1035A000AB22443F2C8524BF3763443F1A3824BFE5
:1035B000A5A3443FEEEA23BFF5E3443FA99D23BF03
:1035C0002624453F4B5023BF3964453FD30223BFD8
:1035D0002DA4453F43B522BF03E4453F996722BF71
:1035E000BB23463FD71922BF5463463FFBCB21BFC5
:1035F000CEA2463F067E21BF2AE2463FF92F21BFD9
:103600006721473FD2E120BF8560473F939320BFAA
:10361000849F473F3B4520BF65DE473FCBF61FBF3A
:10362000271D483F41A81FBFCA5B483F9F591FBF86
:103630004E9A483FE50A1FBFB3D8483F12BC1EBF91
:10364000FA16493F266D1EBF2155493F221E1EBF57
:103650002993493F06CF1DBF12D1493FD17F1DBFDE
:10366000DC0E4A3F84301DBF874C4A3F1FE11CBF20
:10367000138A4A3FA2911CBF7FC74A3F0C421CBF1E
:10368000CC044B3F5FF21BBFFA414B3F99A21BBFDB
:10369000097F4B3FBB521BBFF8BB4B3FC6021BBF52
:1036A000C7F84B3FB8B21ABF78354C3F93621ABF88
:1036B00008724C3F55121ABF79AE4C3F00C219BF79
:1036C000CBEA4C3F947119BFFD264D3F0F2119BF26
:1036D00010634D3F73D018BF029F4D3FC07F18BF8E
:1036E000D5DA4D3FF52E18BF89164E3F12DE17BFB3
:1036F0001C524E3F188D17BF908D4E3F073C17BF91
:10370000E4C84E3FDFEA16BF17044F3F9F9916BF2C
:103710002B3F4F3F474816BF1F7A4F3FD9F615BF83
:10372000F4B44F3F54A515BFA8EF4F3FB75315BF93
:103730003B2A503F040215BFAF64503F39B014BF5D
:10374000039F503F585E14BF37D9503F5F0C14BFE2
:103750004A13513F50BA13BF3D4D513F2A6813BF22
:103760001087513FEE1513BFC2C0513F9AC312BF1D
:1037700054FA513F307112BFC633523FB01E12BFD0
:10378000186D523F19CC11BF49A6523F6B7911BF3A
:1037900059DF523FA72611BF4918533FCDD310BF61
:1037A0001851533FDC8010BFC789533FD52D10BF40
:1037B00055C2533FB8DA0FBFC3FA533F84870FBFD8
:1037C0000F33543F3B340FBF3B6B543FDBE00EBF26
:1037D00047A3543F658D0EBF31DB543FDA390EBF2E
:1037E000FB12553F38E60DBFA44A553F81920DBFED
:1037F0002C82553FB33E0DBF93B9553FD0EA0CBF65
:10380000D9F0553FD7960CBFFE27563FC9420CBF93
:10381000025F563FA5EE0BBFE595563F6B9A0BBF77
:10382000A7CC563F1C460BBF4803573FB7F10ABF12
:10383000C739573F3D9D0ABF2670573FAD480ABF65
:1038400063A6573F09F409BF7FDC573F4E9F09BF6E
:103850007912583F7F4A09BF5348583F9BF508BF2C
:103860000B7E583FA1A008BFA1B3583F924B08BFA1
:1038700017E9583F6FF607BF6A1E593F36A107BFC9
:103880009C53593FE84B07BFAD88593F86F606BFAA
:103890009CBD593F0EA106BF6AF2593F824B06BF3D
:1038A00016275A3FE2F505BFA05B5A3F2CA005BF83
:1038B00009905A3F624A05BF50C45A3F84F404BF7E
:1038C00075F85A3F919E04BF792C5B3F894804BF2D
:1038D0005A605B3F6DF203BF1A945B3F3D9C03BF90
:1038E000B8C75B3FF84503BF34FB5B3F9FEF02BFA8
:1038F0008E2E5C3F329902BFC7615C3FB14202BF6E
:10390000DD945C3F1CEC01BFD1C75C3F739501BFE8
:10391000A3FA5C3FB53E01BF532D5D3FE4E700BF16
:10392000E15F5D3FFF9000BF4D925D3F063A00BFF3
:1039300097C45D3FF3C5FFBEBEF65D3FB217FFBE45
:10394000C3285E3F4A69FEBEA65A5E3FBBBAFDBEB3
:10395000678C5E3F040CFDBE05BE5E3F275DFCBE6E
:1039600081EF5E3F22AEFBBEDB205F3FF7FEFABE7B
:1039700012525F3FA54FFABE27835F3F2DA0F9BECD
:1039800019B45F3F8EF0F8BEE9E45F3FC840F8BE6F
:103990009615603FDC90F7BE2146603FCBE0F6BE57
:1039A0008976603F9330F6BECFA6603F3580F5BE86
:1039B000F2D6603FB1CFF4BEF206613F071FF4BEFE
:1039C000D036613F386EF3BE8A66613F43BDF2BEBA
:1039D0002296613F290CF2BE98C5613FEA5AF1BEBA
:1039E000EAF4613F85A9F0BE1A24623FFBF7EFBEFF
:1039F0002653623F4C46EFBE1082623F7994EEBE82
:103A0000D7B0623F80E2EDBE7BDF623F6330EDBE48
:103A1000FC0D633F217EECBE5A3C633FBBCBEBBE4B
:103A2000956A633F3019EBBEAC98633F8166EABE8E
:103A3000A1C6633FAEB3E9BE73F4633FB700E9BE0E
:103A40002122643F9C4DE8BEAC4F643F5D9AE7BEC7
:103A5000147D643FFBE6E6BE59AA643F7533E6BEBB
:103A60007BD7643FCB7FE5BE7904653FFECBE4BEE8
:103A70005431653F0E18E4BE0B5E653FFA63E3BE4A
:103A8000A08A653FC4AFE2BE10B7653F6AFBE1BEE6
:103A90005EE3653FEE46E1BE880F663F4F92E0BEB3
:103AA0008E3B663F8DDDDFBE7167663FA928DFBEB6
:103AB0003093663FA273DEBECCBE663F79BEDDBEEC
:103AC00045EA663F2E09DDBE9915673FC153DCBE4E
:103AD000CA40673F319EDBBED86B673F80E8DABEE5
:103AE000C196673FAD32DABE87C1673FB97CD9BEA8
:103AF0002AEC673FA3C6D8BEA816683F6B10D8BE95
:103B00000341683F135AD7BE396B683F99A3D6BEAD
:103B10004C95683FFDECD5BE3CBF683F4136D5BEF5
:103B200007E9683F647FD4BEAE12693F67C8D3BE61
:103B3000323C693F4811D3BE9165693F095AD2BEF4
:103B4000CC8E693FAAA2D1BEE4B7693F2AEBD0BEB2
:103B5000D7E0693F8A33D0BEA7096A3FCA7BCFBE90
:103B600052326A3FEAC3CEBED95A6A3FEA0BCEBE92
:103B70003C836A3FCA53CDBE7BAB6A3F8B9BCCBEB6
:103B800095D36A3F2CE3CBBE8CFB6A3FAE2ACBBEFB
:103B90005E236B3F1072CABE0C4B6B3F53B9C9BE5C
:103BA00095726B3F7700C9BEFB996B3F7C47C8BEDF
:103BB0003BC16B3F628EC7BE58E86B3F29D5C6BE7E
:103BC000500F6C3FD21BC6BE24366C3F5C62C5BE34
:103BD000D45C6C3FC8A8C4BE5E836C3F15EFC3BE07
:103BE000C5A96C3F4435C3BE07D06C3F557BC2BEF0
:103BF00024F66C3F48C1C1BE1D1C6D3F1E07C1BEEF
:103C0000F2416D3FD54CC0BEA1676D3F6F92BFBE04
:103C10002D8D6D3FEBD7BEBE93B26D3F4A1DBEBE2C
:103C2000D5D76D3F8B62BDBEF2FC6D3FAFA7BCBE6A
:103C3000EB216E3FB6ECBBBEBE466E3FA031BBBEB5
:103C40006D6B6E3F6E76BABEF88F6E3F1EBBB9BE0F
:103C50005DB46E3FB2FFB8BE9ED86E3F2A44B8BE78
:103C6000BAFC6E3F8488B7BEB0206F3FC3CCB6BEEF
:103C700083446F3FE610B6BE30686F3FEC54B5BE6C
:103C8000B88B6F3FD698B4BE1BAF6F3FA5DCB3BEF9
:103C90005AD26F3F5820B3BE73F56F3FEF63B2BE89
:103CA0006718703F6BA7B1BE373B703FCBEAB0BE21
:103CB000E15D703F102EB0BE6680703F3A71AFBEBE
:103CC000C6A2703F49B4AEBE02C5703F3CF7ADBE60
:103CD00017E7703F153AADBE0809713FD47CACBE02
:103CE000D42A713F77BFABBE7A4C713F0102ABBEA5
:103CF000FB6D713F6F44AABE578F713FC486A9BE4A
:103D00008EB0713FFEC8A8BE9FD1713F1F0BA8BEE9
:103D10008CF2713F254DA7BE5213723F128FA6BE83
:103D2000F433723FE5D0A5BE7054723F9F12A5BE1A
:103D3000C774723F3F54A4BEF894723FC595A3BEAA
:103D400004B5723F33D7A2BEEBD4723F8718A2BE30
:103D5000ACF4723FC259A1BE4714733FE59AA0BEAE
:103D6000BE33733FEEDB9FBE0E53733FDF1C9FBE1F
:103D70003972733FB85D9EBE3F91733F789E9DBE82
:103D80001FB0733F20DF9CBED9CE733FAF1F9CBED8
:103D90006EED733F27609BBEDD0B743F86A09ABE1D
:103DA000272A743FCEE099BE4B48743FFE2099BE4F
:103DB0004966743F166198BE2284743F17A197BE6E
:103DC000D5A1743F00E196BE62BF743FD22096BE7B
:103DD000C9DC743F8D6095BE0BFA743F31A094BE70
:103DE0002717753FBFDF93BE1D34753F351F93BE48
:103DF000ED50753F945E92BE976D753FDD9D91BE0F
:103E00001C8A753F10DD90BE7BA6753F2C1C90BEB2
:103E1000B3C2753F325B8FBEC6DE753F229A8EBE3F
:103E2000B3FA753FFCD88DBE7A16763FC0178DBEAB
:103E30001B32763F6E568CBE974D763F07958BBEF4
:103E4000EC68763F8AD38ABE1B84763FF8118ABE1F
:103E5000249F763F505089BE07BA763F938E88BE26
:103E6000C4D4763FC1CC87BE5BEF763FDA0A87BE0B
:103E7000CC09773FDF4886BE1724773FCE8685BEC4
:103E80003C3E773FAAC484BE3A58773F700284BE56
:103E90001372773F224083BEC58B773FC07D82BEC1
:103EA00051A5773F4ABB81BEB7BE773FC0F880BE01
:103EB000F7D7773F223680BE10F1773FE1E67EBE2E
:103EC000040A783F56617DBED122783FA4DB7BBED9
:103ED000773B783FCB557ABEF853783FCCCF78BE4E
:103EE000526C783FA64977BE8684783F5AC375BE28
:103EF000939C783FE83C74BE7BB4783F51B672BE69
:103F00003BCC783F942F71BED6E3783FB2A86FBE0A
:103F10004AFB783FAB216EBE9812793F7F9A6CBE08
:103F2000BF29793F2F136BBEC040793FBA8B69BE62
:103F30009A57793F220468BE4E6E793F667C66BE12
:103F4000DC84793F86F464BE439B793F836C63BE17
:103F500083B1793F5CE461BE9DC7793F135C60BE6D
:103F600091DD793FA8D35EBE5EF3793F1A4B5DBE0B
:103F700004097A3F6AC25BBE841E7A3F97395ABEF3
:103F8000DD337A3FA4B058BE10497A3F8F2757BE21
:103F90001C5E7A3F589E55BE02737A3F011554BE8F
:103FA000C1877A3F898B52BE599C7A3FF10151BE3D
:103FB000CBB07A3F38784FBE16C57A3F60EE4DBE23
:103FC0003AD97A3F67644CBE37ED7A3F4FDA4ABE42
:103FD0000E017B3F185049BEBE147B3FC2C547BE91
:103FE00048287B3F4D3B46BEAB3B7B3FB9B044BE10
:103FF000E74E7B3F072643BEFC617B3F379B41BEBC
:10400000EA747B3F491040BEB2877B3F3E853EBE8F
:10401000539A7B3F15FA3CBECDAC7B3FCF6E3BBE87
:1040200020BF7B3F6CE339BE4DD17B3FEC5738BEA0
:1040300053E37B3F50CC36BE31F57B3F984035BED5
:10404000E9067C3FC4B433BE7A187C3FD42832BE24
:10405000E5297C3FC99C30BE283B7C3FA2102FBE87
:10406000444C7C3F61842DBE3A5D7C3F04F82BBEFE
:10407000086E7C3F8D6B2ABEB07E7C3FFCDE28BE86
:10408000318F7C3F515227BE8A9F7C3F8CC525BE15
:10409000BDAF7C3FAD3824BEC9BF7C3FB6AB22BEAE
:1040A000AECF7C3FA51E21BE6CDF7C3F7B911FBE47
:1040B00003EF7C3F38041EBE73FE7C3FDE761CBEE1
:1040C000BC0D7D3F6BE91ABEDD1C7D3FE05B19BE78
:1040D000D82B7D3F3DCE17BEAC3A7D3F834016BE08
:1040E00059497D3FB2B214BEDE577D3FCA2413BE8C
:1040F0003D667D3FCC9611BE74747D3FB70810BEFF
:1041000085827D3F8B7A0EBE6E907D3F4AEC0CBE61
:10411000309E7D3FF35D0BBECCAB7D3F86CF09BEAD
:1041200040B97D3F054108BE8CC67D3F6EB206BEDC
:10413000B2D37D3FC22305BEB1E07D3F029503BEF1
:1041400088ED7D3F2E0602BE38FA7D3F457700BEE2
:10415000C2067E3F92D0FDBD24137E3F73B2FABDEE
:104160005E1F7E3F2C94F7BD722B7E3FC075F4BD61
:104170005E377E3F2E57F1BD23437E3F7638EEBD3E
:10418000C14E7E3F9A19EBBD385A7E3F9AFAE7BD81
:1041900088657E3F76DBE4BDB0707E3F2EBCE1BD1E
:1041A000B17B7E3FC49CDEBD8B867E3F377DDBBD11
:1041B0003D917E3F895DD8BDC99B7E3FB93DD5BD50
:1041C0002DA67E3FC81DD2BD69B07E3FB7FDCEBDD6
:1041D0007FBA7E3F86DDCBBD6DC47E3F36BDC8BD98
:1041E00034CE7E3FC69CC5BDD4D77E3F397CC2BD90
:1041F0004CE17E3F8D5BBFBD9DEA7E3FC33ABCBDB7
:10420000C7F37E3FDD19B9BDC9FC7E3FDAF8B5BD05
:10421000A4057F3FBBD7B2BD580E7F3F80B6AFBD70
:10422000E4167F3F2B95ACBD491F7F3FBA73A9BDF4
:1042300087277F3F3052A6BD9D2F7F3F8C30A3BD87
:104240008D377F3FCF0EA0BD543F7F3FF9EC9CBD23
:10425000F4467F3F0ACB99BD6D4E7F3F05A996BDC1
:10426000BF557F3FE78693BDE95C7F3FB46490BD57
:10427000EC637F3F6A428DBDC76A7F3F0A208ABDDB
:104280007B717F3F94FD86BD08787F3F0ADB83BD4D
:104290006D7E7F3F6CB880BDAB847F3F742B7BBD50
:1042A000C28A7F3FE9E574BDB1907F3F38A06EBD03
:1042B00078967F3F625A68BD189C7F3F681462BD44
:1042C00091A17F3F4CCE5BBDE3A67F3F0E8855BDDD
:1042D0000DAC7F3FAF414FBD0FB17F3F2FFB48BDBE
:1042E000EAB57F3F91B442BD9EBA7F3FD56D3CBDDC
:1042F0002ABF7F3FFC2636BD8FC37F3F07E02FBD1F
:10430000CCC77F3FF69829BDE2CB7F3FCC5123BD80
:10431000D1CF7F3F880A1DBD98D37F3F2CC316BDE8
:1043200037D77F3FB87B10BDAFDA7F3F2F340ABD50
:1043300000DE7F3F90EC03BD29E17F3FB949FBBC24
:104340002BE47F3F2DBAEEBC05E77F3F7B2AE2BC22
:10435000B8E97F3FA69AD5BC43EC7F3FB00AC9BC01
:10436000A7EE7F3F9B7ABCBCE3F07F3F69EAAFBC1E
:10437000F8F27F3F1C5AA3BCE6F47F3FB6C996BC57
:10438000ACF67F3F38398ABC4AF87F3F4B517BBC43
:10439000C1F97F3F003062BC11FB7F3F900E49BCEA
:1043A00039FC7F3F02ED2FBC39FD7F3F59CB16BC56
:1043B00013FE7F3F3053FBBBC4FE7F3F890FC9BB59
:1043C0004EFF7F3FC1CB96BBB1FF7F3FC70F49BBBD
:1043D000ECFF7F3FD40FC9BAF8430108000000206A
:1043E000180000003C7E000810440108180000205E
:1043F000901100004C7E0008000000000024F40032
:104400002DB27D3F0100FFFF010000001000000001
:040000050800018965
:00000001FF
